canonical_smiles,standard_value,PredictedValues
CC(=O)Oc1ccccc1C(=O)OCCCOc1no[n+]([O-])c1-c1ccccc1,0.02089,0.6822258582999983
Cl.Oc1nc2cc3cc(OCCCc4nnnn4C4CCN(CC5CCCCO5)CC4)ccc3[nH]c-2n1,0.071,0.07414199999999987
CCOC(=O)/C(=C\c1cccc(OCC(=O)O)c1OC)c1nc(-c2ccccc2)c(-c2ccccc2)o1,130.0,133.22775
O=C(O)CCc1ccccc1CC1=C(c2nc(C(=O)NCCc3ccc(Cl)cc3)co2)CCCC1,194.0,175.5925
O=C1c2ccccc2C(=O)c2c(NCCNCCO)ccc(NCCNCCO)c21,0.2825,0.8399889999999993
CS(=O)(=O)O.Cc1noc(C)c1S(=O)(=O)N[C@H](CNC(=O)C[C@@H]1CC(c2ccc(C(=N)N)cc2)=NO1)C(=O)O,120.0,121.68666666666667
O=C(O)COc1cccc2c1CCCC2CCn1cc(C(c2ccccc2)c2ccccc2)cn1,93.0,109.80555
N#Cc1cc(-c2ccoc2)c2ccc(OCc3cccc(C4(O)CCOCC4)c3)cc2c1,2.0,2.28185
O=C(CNC(=O)c1ccc(NC(=O)NCc2ccccc2)o1)NC[C@H](NC(=O)OCc1ccccc1)C(=O)O,1.2,1.3223027999999977
COc1ccc(C(=NNc2ccc([N+](=O)[O-])cc2[N+](=O)[O-])c2ccc(OC)cc2O)c(O)c1,5.0,3.6314757583
CC(=O)NCSC[C@H](NC(=O)CNC(=O)CNC(=O)[C@H]1CSCC(=O)N[C@@H](Cc2ccc(O)cc2)C(=O)N[C@H](CSCCCN)C(=O)NCC(=O)N[C@H](CC(=O)O)C(=O)N1)C(=O)NCC(=O)N[C@@H](CSCNC(C)=O)C(=O)NCC(=O)NCC(=O)N[C@@H](CSCC(=O)CC(=O)N[C@@H](CCCCN)C(=O)N[C@@H](CCCCN)C(=O)NCC(=O)N[C@@H](CS)C(=O)O)C(=O)NCC(=O)[C@@H]1CSC23SCC(NC(=O)[C@H](CSCC(=O)CC(=O)N[C@@H](CCCCN)C(=O)N[C@@H](CCCCN)C(=O)NCC(=O)N[C@@H](CS)C(=O)O)NC(=O)CNC(=O)CNC(=O)[C@H](CSCNC(C)=O)NC(=O)CNC(=O)[C@H](CSCNC(C)=O)NC(=O)CNC(=O)CNC(=O)[C@H]4CSCC(=O)N[C@@H](Cc5ccc(O)cc5)C(=O)N[C@H](CSCCCN)C(=O)NCC(=O)N[C@H](CC(=O)O)C(=O)N4)C(=O)N2CC(=O)N13,90.0,103.29164999999999
O=C(O)CCCCCc1cnccc1CCNS(=O)(=O)c1ccc(Cl)cc1,195.0,172.2433333333333
Cc1noc(C)c1S(=O)(=O)N[C@@H](CNC(=O)C[C@@H]1C[C@H](c2ccc(C(=N)N)cc2)N(C)O1)C(=O)O.Cl,84.0,106.545
CCCC#CCOCC1C2CCC(O2)C1C/C=C\CCCC(=O)O,200.0,190.56
Oc1cc2c(cc1OCCc1ccccc1)OCC2,120.0,126.57
COc1c(C/C=C(\C)CCC(=O)O)c(O)c2c(c1OC)COC2=O,130.0,130.755
O=C(O)COc1cccc(C[C@@H]2CCCC(O)=C2c2nc(-c3ccccc3)c(-c3ccccc3)o2)c1,116.0,123.93
O=C(O)COc1ccc(C(=O)CNC(=O)c2cc3c(s2)CCNC3)cc1OCC(=O)O,160.0,154.915
CCOc1ccc(-c2nc(-c3cccc(C(=O)O)c3)cs2)cc1OCC,5.0,3.1955172083
CCCCC[C@H](O)/C=C/C1C(=O)CC(O)[C@@H]1C/C=C\CCCC(=O)O,0.0001,0.02903131309523805
Cc1ncc(C(=O)Nc2cn3ccnc3c(CN3CCN(C(=O)C4CCCC4)[C@@H](C)C3)c2C)cn1,168.0,155.885
Cl.O=S(=O)(CCCCOc1ccc2[nH]c3nc(O)nc-3cc2c1)C1CCN(Cc2ccccc2)CC1,0.042,0.0998810000000001
CCCC[C@@H](NC(=O)OC(C)(C)C)C(=O)Nc1ccc(C(=O)O)c(-c2ccc(O)cc2)c1,100.0,114.455
CCOC(=O)CCCNC(=O)[C@@]1(C)CCC[C@]2(C)c3cc(C(=O)OC)c(C(=O)OC)cc3C=CC12,150.0,137.885
Oc1ccc(-c2nnsc2-c2ccc(O)cc2)cc1,3.2,2.659507066666661
Nc1cccc(CCc2ccc(C(=O)NC[C@H](NS(=O)(=O)c3ccccc3)C(=O)O)cc2)n1,140.0,141.6125
COC(=O)[C@@]1(C)CCC[C@]2(C)c3cc(O)c(O)cc3C=CC12,100.0,111.965
O=C1NCc2c(-c3ccccc3Cl)cc(C3CCNCC3)cc2N1c1c(Cl)cccc1Cl,2.0,2.220518499999999
CCCCC[C@H](O)/C=C/[C@@H]1[C@H]2C(=O)/C(=C/CCCC(=O)[O-])O[C@H]2C[C@H]1O.[Na+],0.015,0.24714830830000029
COc1ccc(C[C@H]2NC(=O)/C=C/C[C@@H]([C@H](C)[C@H]3O[C@@H]3c3ccccc3)OC(=O)[C@H](CC(C)C)OC(=O)C[C@@H](C)NC2=O)cc1Cl,0.03,0.2505544500000007
CCCCN(C(=O)C1=COc2cc(O)c(C(C)(C)C)cc2O1)c1ccccc1,200.0,173.3675
Cc1cc(COc2ccc(NC(=O)[C@H]3NCCC[C@@H]3C(=O)NO)cc2)c2ccccc2n1,120.0,120.285
Cc1nc(C)c(-c2ccnc(Nc3ccc(N(C)C)c(Cl)c3)n2)s1,200.0,183.82
C=CCOc1ccc(CN(C/C=C/c2ccccc2)CCCC)cc1,90.0,113.1125
COc1ccc(-c2nc(CC(=O)[O-])sc2-c2ccc(OC)cc2)cc1.[Li+],0.032,0.4597078999999988
N#Cc1cc(-c2ccoc2)c2ccc(OCc3cc(C4(O)CCOCC4)ccn3)cc2c1,3.5,3.1685500000000015
CC(C)CN1CCN(C(=O)NCCCOc2ccc3[nH]c4nc(O)nc-4cc3c2)CC1.Cl,0.18,0.18674899999999986
CCOc1ccc(-c2nc(-c3ccc(C(=O)O)cc3)cs2)cc1OCC,200.0,180.885
CC(C)[C@H](NC(=O)[C@H](CC(=O)O)NC(=O)CCCOc1ccc(C(=N)N)cc1)C(=O)O,100.0,114.67075000000001
O=C(NC[C@H](NS(=O)(=O)Cc1ccccc1)C(=O)O)c1ccc2c(c1)C(=O)N(CCC1CCNCC1)C2,4.0,3.563995308299999
C[C@H](Nc1cc(-c2sc(C3CCN(C)CC3)nc2-c2ccc(F)cc2)ccn1)c1ccccc1,0.6,1.1697549999999972
CCOC(=O)N1CCC(n2nnnc2CCCOc2ccc3[nH]c4nc(O)nc-4cc3c2)CC1,0.42,0.6192478000000006
O=C(O)CCNC(=O)C1CCCN(C(=O)CCC2CCNCC2)C1,140.0,136.96
Nc1nc(Cl)c2ncn(C3CC(O)C(CO)S3)c2n1,1.0,1.4401649999999997
CCOC(=O)CO[C@@H]1CCC(/C=C(\C)[C@H]2OC(=O)[C@@H]3CCCCN3C(=O)C(=O)[C@]3(O)O[C@H]([C@@H](OC)C[C@@H](C)C/C(C)=C/[C@@H](CC)C(=O)C[C@H](O)[C@H]2C)[C@@H](OC)C[C@H]3C)C[C@H]1OC,0.91,0.7980499999999978
OCc1ccccc1CCCc1cc2c(cc1O)CCO2,190.0,169.565
COC1CC(O)(c2cccc(COc3ccc4c(-c5ccccc5)c5c(cc4c3)C(=O)OC5)c2)CCO1,2.0,2.5455
CCOC(=O)c1csc(CO/N=C(\C)c2ccc(Sc3cc(F)cc(C4CCOCC4)c3)cc2)n1,150.0,140.835
C=Cc1c(C)c2c(c(O)c1C/C=C(\C)CCC(=O)O)C(=O)OC2,93.0,111.15
Cc1cccc(S(=O)(=O)N(C)[C@@H](CNC(=O)C[C@H]2CC(c3ccc(C(=N)N)cc3)=NO2)C(=O)O)c1.O=C(O)C(F)(F)F,95.0,107.45166666666668
CCCCOc1ccc(C[C@H]2NC(=O)[C@H](CC(=O)O)NC(=O)CNC(=O)[C@H](CCCN=C(N)N)NC(=O)[C@H]3CCCN3C(=O)[C@H](CC(N)=O)NC(=O)[C@@H](NC(C)=O)CSSC[C@@H](C(N)=O)NC(=O)[C@H](CCCN=C(N)N)NC2=O)cc1,100.0,122.1355
CN1C(=O)c2ccccc2SSc2ccccc2NC(=O)[C@H](CC(=O)O)NC(=O)CNC(=O)[C@@H]1CCCN=C(N)N,90.0,113.0615
CC(=O)NC1CCN(CCOc2ccc(Cc3ccccc3)cc2)CC1,180.0,166.025
CC(=O)Oc1cc2c(c(C)c1OC(C)=O)CC=C1C(C)(C)C(=O)CCC12C,200.0,189.135
CC(=O)N[C@@H](Cc1ccccc1)C(=O)N[C@H]1CCCCNC(=O)[C@@H](CCN=C(N)N)NC(=O)[C@H](Cc2c[nH]c3ccccc23)NC(=O)[C@@H](CC2CCCCC2)NC(=O)[C@@H]2CCCN2C1=O,85.11,105.55730000000014
CC1(c2ccc(CN)cc2)NC(=O)N(CC(=O)N[C@@H](CC(=O)O)C(=O)N[C@H](C(=O)O)c2ccccc2)C1=O,150.0,151.42
Cl.Cl.O=S(=O)(CCCOc1ccc2[nH]c3nc(O)nc-3cc2c1)N1CCN(Cc2ccc(Cl)cc2)CC1,0.53,0.6089800000000006
Br.CC(OC(=O)CN1Cc2cc(OCCCC(=O)N(C)C3CCCCC3)ccc2N=C1N)c1ccccc1,150.0,147.3535
CCCCC[C@H](O)/C=C/[C@H]1C(=O)C[C@H](O)[C@@H]1C/C=C/CCCC(=O)O,0.0032,0.02903131309523805
CN(Cc1ccccc1)S(=O)(=O)N[C@@H](CNC(=O)CC1CC(c2ccc(C(=N)N)cc2)=NO1)C(=O)O.O=C(O)C(F)(F)F,86.0,107.465
CCC(CC)CN1CCN(S(=O)(=O)CCCOc2ccc3[nH]c4nc(O)nc-4cc3c2)CC1.Cl,0.16,0.21645999999999913
COc1ccc(-c2nnsc2-c2ccc(OC)cc2)cc1,0.001,0.10937750830000027
CCCCC[C@H](O)/C=C/C1C(=O)CC[C@@H]1C/C=C\CCCC(=O)O,0.001,0.30306124999999945
CC(C)COC(=O)N[C@@H](CCC(=O)N1CCN(c2cccc(NC3=NCC(C)(C)CN3)c2)CC1)C(=O)O,3.4,2.8302454999999935
COC1c2cc(C)c(C(=O)N=C(N)N)cc2S(=O)(=O)C1(C)C,138.0,130.48
CC(C)(C)Sc1c(CC(C)(C)C(=O)O)n(Cc2ccc(Cl)cc2)c2ccc(OCc3ccccn3)cc12,2.0,2.6310000000000002
COc1ccc(C[C@H]2NC(=O)/C=C/C[C@@H]([C@H](C)[C@H]3O[C@@H]3c3ccccc3)OC(=O)[C@H](CC(C)C)OC(=O)[C@@H]3CCCCC3NC2=O)cc1Cl,1.3,1.4309044500000032
N#Cc1ccc(NC(=O)Nc2ccccc2Br)c(O)c1Cl,2.6,2.1016775000000036
CC(C)c1ccc(Cn2ccc3c4c(N)nc(N(C)C5CC5)nc4ccc32)cc1,150.0,146.215
CCCc1cc2c(c(C)c1O)CCO2,160.0,149.8
CC[C@@H]1/C=C(\C)C[C@H](C)C[C@H](OC)[C@H]2O[C@@](O)(C(=O)C(=O)N3CCCC[C@H]3C(=O)O[C@H](/C(C)=C/C3CC[C@@H](OCC(=O)Nc4ccc(O)cc4)[C@H](OC)C3)[C@H](C)[C@@H](O)CC1=O)[C@H](C)C[C@@H]2OC,0.14,0.13732000000000025
CCCCS(=O)(=O)NC(CCCc1ccc2c(c1)c(=O)n(CCC1CCNCC1)c(=O)n2Cc1ccncc1)C(=O)O,100.0,119.8433
Cc1ccc2oc(NC(CC3CCCCC3)c3ccncc3)nc2c1,190.0,173.535
Cl.O=C(NCCCOc1ccc2[nH]c3nc(O)nc-3cc2c1)N1CCN(Cc2cccs2)CC1,0.16,0.25104049999999956
c1ccc(-c2nnsc2-c2ccccc2)cc1,3.2,2.8720809999999983
CC(=O)c1cccc2c(/N=N/c3ccc([N+](=O)[O-])cc3[N+](=O)[O-])c3ccc(O)cc3c(O)c12,0.4,1.2240934000000028
CCC(CSCc1c2c3c(c(OCc4ccc(-c5ccccc5)cn4)ccc3n1Cc1ccc(Cl)cc1)CC(C)S2)C(=O)O,6.0,5.408749999999999
OC1(c2cccc(COc3ccc4c(-c5ccoc5)cncc4c3)n2)CC2COC(C1)O2,90.0,107.2825
CN(C(=O)c1ccc(C(=N)N)cc1)c1ccc2c(c1)CC(CC(=O)O)CC2,200.0,179.5
CC#CCC(C)[C@H](O)/C=C/[C@H]1[C@H](O)C[C@]2(C#CCCCBr)C/C(=C\CCCC(=O)O)C[C@H]12,0.5,1.2178043999999997
COc1ccc(C[C@H]2NC(=O)[C@H](CC(=O)O)NC(=O)CNC(=O)[C@H](CCCN=C(N)N)NC(=O)[C@H]3CCCN3C(=O)[C@H](CC(N)=O)NC(=O)[C@H](C)SSC[C@@H](C(N)=O)NC(=O)[C@H](CCCN=C(N)N)NC2=O)cc1,170.0,159.75075
COc1ccc(-c2c3c(cc4cc(OCc5cccc(C6(O)CCOCC6)c5)ccc24)C(=O)OC3)cc1,89.0,108.855
O=C(O)COc1cccc2c1CC[C@H](Cn1cc(C(c3ccccc3)c3ccccc3)ccc1=O)C2,130.0,129.23
O=C(CCc1ccccc1)c1ccc2nc3c(cc2c1)CCCO3,87.0,99.56
CC(=O)Oc1ccccc1C(=O)OCc1no[n+]([O-])c1C(N)=O,0.0302,0.5788095493999985
CC1Cc2c(OCc3ccc(-c4ccccc4)cn3)ccc3c2c(c(CCOC(C)C(=O)NS(C)(=O)=O)n3Cc2ccc(Cl)cc2)S1,4.5,4.118066
COC(=O)[C@@]1(C)CCC[C@]2(C)c3cc(C(=O)OC(C)C)c(C(=O)OC(C)C)cc3C=CC12,110.0,117.845
Cc1nc(COc2ccc3c(c2)c(SC(C)(C)C)c(CC(C)(C)C(=O)O)n3Cc2ccc(Cl)cc2)cs1,2.0,2.6262711166666666
COC(=O)c1cc2c(c(C(C)=O)c1C(=O)OC)CCC1[C@@](C)(C(=O)OC)CCC[C@]21C,110.0,121.795
C#C[C@H](CC(=O)O)NC(=O)CN1CCc2ccc(C3CCNCC3)cc2C1=O,6.0,4.473415600000001
N=C(N)c1ccc(CC2NC(=O)N(CC(=O)N[C@@H](CC(=O)O)C(=O)N[C@H](C(=O)O)c3ccccc3)C2=O)cc1.O=C(O)C(F)(F)F,200.0,175.385
N=C(N)c1ccc(C(=O)Nc2ccc3c(c2)CCC(CC(=O)O)C3)cc1,190.0,176.065
Cl.Cl.O.c1ccc(-c2ccnc(Nc3cccc(-n4ccnc4)c3)n2)nc1,200.0,187.13
Cl.Oc1nc2cc3cc(OCCCc4nnnn4C4CCN(CC5CCCCC5)CC4)ccc3[nH]c-2n1,0.016,0.019566700000000003
COc1ccc(-c2nc(CCO)sc2-c2ccc(OC)cc2)cc1,0.00032,0.17719273333333277
c1ccc(Cc2ccc(OCCn3cnc4cncnc43)cc2)cc1,140.0,138.665
Cl.O=C(NCCCOc1ccc2[nH]c3nc(O)nc-3cc2c1)N1CCN(Cc2ccsc2)CC1,0.28,0.3191550000000003
CC[C@@H]1/C=C(\C)C[C@H](C)C[C@H](OC)[C@H]2O[C@@](O)(C(=O)C(=O)N3CCCC[C@H]3C(=O)O[C@H](/C(C)=C/C3CC[C@@H](OCC(=O)N(C)c4ccccc4)[C@H](OC)C3)[C@H](C)[C@@H](O)CC1=O)[C@H](C)C[C@@H]2OC,0.26,0.30573549999999966
CN[C@H](Cc1ccccc1)C(=O)N1CCC[C@H]1C(=O)N[C@H](C=O)CCCN=C(N)N,83.0,102.70388333333334
Cl.O=S(=O)(CCCOc1ccc2[nH]c3nc(O)nc-3cc2c1)N1CCN(c2nc3ccccc3o2)CC1,2.41,2.246763500000006
CC1(C)Oc2ccc(OCc3nc4cc(F)c(F)cc4s3)cc2[C@H](O)[C@@H]1Cc1cccc(NS(=O)(=O)C(F)(F)F)c1,2.0,1.857276700000001
CC[C@@H]1/C=C(\C)C[C@H](C)C[C@H](OC)[C@H]2O[C@@](O)(C(=O)C(=O)N3CCCC[C@H]3C(=O)O[C@H](/C(C)=C/[C@@H]3C[C@@H](O)[C@@H](O)[C@H](OC)C3)[C@H](C)[C@@H](O)CC1=O)[C@H](C)C[C@@H]2OC,1.21,1.218450000000002
Cl.Oc1nc2cc3cc(OCCCCc4nnnn4C4CCN(Cc5ccccc5)CC4)ccc3[nH]c-2n1,0.031,0.10973999999999971
Nc1nc(N)c2nc(CNc3ccc(C(=O)NC(CCC(=O)Nc4ccc5c(c4)OCO5)C(=O)O)cc3)cnc2n1,140.0,142.52630000000002
CCC(OC)(c1cccc(OCc2ccc3c(-c4ccccc4)c4c(cc3c2)C(=O)OC4)c1)c1nccs1,2.2,2.7226509999999977
CN(C)CCNC(=O)c1ccc(NCCN(C)C)c2c(=O)c3ccccc3[nH]c12,94.0,115.43
O=c1cc(-c2ccoc2)c2ccc(OCc3cccc(C4(O)CC5COC(C4)O5)n3)cc2n1Cc1ccccc1,160.0,151.89849999999998
CCCOc1cc(-c2nc(-c3ccc4c(c3)CCC(=O)N4)cs2)ccc1OC,90.0,111.015
O=C(N[C@@H](CCC(=O)N1CCN(c2cccc(NC3=NCC(O)CN3)c2)CC1)C(=O)O)OCc1ccccc1,3.5,3.02721
CC(=O)Oc1cc2c(c(C)c1OC(C)=O)CC=C1C(C)(C)[C@H](OC(C)=O)CC[C@]12C,100.0,125.69
NCCCCCC(=O)Nc1ccc(C(=O)O)c(-c2ccc(O)cc2)c1,0.06,0.8312873166000007
CC(C)c1ccc2oc(NC(CC3CCCCC3)c3ccccc3)nc2c1,6.0,4.865216600000001
CO[C@]1(c2cnc(S(=O)(=O)c3ccc(/C(C)=N/OCC#N)cc3)s2)CCO[C@@H](C)C1,140.0,140.84
FC(F)(F)c1nc(-c2ccccc2)c(-c2ccccc2)s1,0.32,0.8777880499999968
O=C(O)COc1cccc(C[C@@H]2CCC=CC2(O)c2nc(-c3ccccc3)c(-c3ccccc3)o2)c1,98.0,109.185
CC[C@@H]1/C=C(\C)C[C@H](C)C[C@H](OC)[C@H]2O[C@@](O)(C(=O)C(=O)N3CCCC[C@H]3C(=O)O[C@H](/C(C)=C/C3CC[C@@H](OCC(=O)Nc4cccnc4)[C@H](OC)C3)[C@H](C)[C@@H](O)CC1=O)[C@H](C)C[C@@H]2OC,0.1,0.14415000000000025
CN1CCC(O)(c2nc(-c3ccc(F)cc3)c(-c3ccncc3)s2)CC1,145.0,147.855
COC(=O)Cc1ccc(OCCCOc2cc3c(cc2O)CCO3)cc1,120.0,123.98
CC(=O)NCCCC[C@@H](NC(C)=O)C(=O)Nc1ccc(C(=O)N[C@@H](CC(=O)O)C(=O)O)cc1,100.0,118.30349999999999
CN(C)CCNC(=O)c1ccc(NCCCN(C)CCCNc2ccc(C(=O)NCCN(C)C)c3nc4ccc([N+](=O)[O-])cc4c(O)c23)c2c(O)c3cc([N+](=O)[O-])ccc3nc12,0.1,0.6902599999999982
CCc1cnc2ccc(C(=O)C3CCC(OC)CC3)cc2c1,85.0,95.61
COc1ccc(C[C@H]2NC(=O)/C=C/C[C@@H]([C@H](C)[C@H]3O[C@@H]3c3ccccc3)OC(=O)[C@H](CC(C)C)OC(=O)C[C@@H](CC(C)C)NC2=O)cc1Cl,3.0,2.0715750000000006
Cc1cccc(S(=O)(=O)N[C@@H](CNC(=O)C[C@@H]2C[C@H](c3ccc(C(=N)N)cc3)N(Cc3ccccc3)O2)C(=O)O)c1.Cl,190.0,174.35105
CC(C)(C)Sc1c(CC(C)(C)C(=O)[O-])n(Cc2ccc(Cl)cc2)c2ccc(OCc3ccc4ccccc4n3)cc12.[Na+],3.0,2.75517
O=C1NCc2c(-c3ccccc3Cl)cc(CN3CCNCC3)cc2N1c1c(Cl)cccc1Cl,1.4,1.7238525999999967
COc1ccc(C[C@H]2NC(=O)/C=C/C[C@@H]([C@H](C)[C@H]3O[C@@H]3c3ccccc3)OC(=O)[C@H](CC(C)C)NC(=O)C[C@@H](C)NC2=O)cc1Cl,0.06,0.24352500000000027
CCCCC[C@H](O)/C=C/[C@@H]1[C@H]2C/C(=C/CCCC(=O)[O-])O[C@H]2C[C@H]1O.[Na+],0.001,0.25344893333333246
CC1Cc2c(OCc3ccc(-c4ccccc4)cn3)ccc3c2c(c(CCOC(C)C(=O)O)n3Cc2ccc(Cl)cc2)S1,5.0,4.6591499999999995
COc1cc2c(c(C)c1O)C=C[C@H]1[C@@](C)(C(=O)O)CCC[C@]21C,100.0,112.705
O=C(O)CCc1ccccc1CC1C2CCC(O2)C1c1nc(C(=O)NCCc2ccc(Cl)cc2)co1,4.0,3.9679349999999998
CN1CCC(O)(c2cn(-c3ccnc(NC4CCCC4)n3)c(-c3cccc(C(F)(F)F)c3)n2)CC1,1.0,1.180606
C=CCc1cc2c(c(C)c1O)CCO2,130.0,135.305
CNC(=O)OCc1c2c(n(C)c1COC(C)=O)C(=O)C(C)=C(OC)C2=O,0.09,0.1922960000000006
CCN(c1ccc(C(Cc2cc[n+]([O-])cc2)c2ccc(OC(F)F)c(OC(F)F)c2)cn1)[C@H](C)c1ccccc1,200.0,172.34
CCCCC/C=C/C=C1/C(=O)C[C@H](O)[C@@H]1C/C=C\CCCC(=O)O,0.32,0.6415509999999982
O=C(O)CCC/C=C/CC1C2CCC(O2)C1CNC(=O)CNC(=O)CCCCC1CCCCC1,160.0,152.9033
C#CC/N=C(\N)c1ccc(C(=O)Nc2ccc3c(c2)CC(CC(=O)O)CC3)cc1,100.0,120.61274999999999
CCCC(CCC)CN1CCC(S(=O)(=O)CCCOc2ccc3[nH]c4nc(O)nc-4cc3c2)CC1.Cl,0.23,0.17857945000000006
C=CCCSCC1C2CCC(O2)C1C/C=C\CCCC(=O)O,200.0,182.245
N/C(=N/Cc1ccccc1)c1ccc(C2=NO[C@@H](CC(=O)NCCC(=O)O)C2)cc1,87.0,141.54925
CCN(CC)CCOc1ccc(Nc2nccc(-c3ccncc3)n2)cc1,200.0,193.895
CC[C@@H]1/C=C(\C)C[C@H](C)C[C@H](OC)[C@H]2O[C@@](O)(C(=O)C(=O)N3CCCC[C@H]3C(=O)O[C@H](/C(C)=C/C3CC[C@@H](OCC(=O)Nc4ccncc4)[C@H](OC)C3)[C@H](C)[C@@H](O)CC1=O)[C@H](C)C[C@@H]2OC,0.16,0.18079999999999996
CCC(CC)CN1CCC(n2nnnc2CCCCOc2ccc3[nH]c4nc(O)nc-4cc3c2)CC1.Cl,0.012,0.0635959500000002
CCCCC[C@H](O)/C=C/C1C(=O)C[C@H](O)[C@@H]1CCCCCCC(=O)O,0.32,0.3482081666666664
CCCCC[C@H](O)/C=C/C1C(=O)C[C@H](O)[C@@H]1C/C=C\CCCCCC(=O)O,1.0,0.8827151666666662
N#Cc1ccc(NC(=O)Nc2ccccc2)c(O)c1,120.0,128.01
COc1cccc2c1C(=O)C1=C(C2=O)C(O)C2C[C@@](O)(C(=O)CO)C[C@H](OC3CC(N)C(O)C(C)O3)C2C1O.Cl,0.033,0.6889842
CC(C)c1ccc(C(=O)N=C(N)N)cc1S(C)(=O)=O,117.0,130.88
C/C(=N\OCC(O)CO)c1ccc(S(=O)(=O)c2cccc(C3CCOCC3)c2)cc1,160.0,148.76
Cl.O=C(NCCCOc1ccc2[nH]c3nc(O)nc-3cc2c1)N1CCN(CC2CCCCO2)CC1,0.16,0.18200499999999986
Cn1nnc(-c2cc(-c3ccccc3)c3ccc(OCc4cccc(C5(O)CCOCC5)c4)cc3c2)n1,4.0,3.560666
CC[C@@H]1/C=C(\C)C[C@H](C)C[C@H](OC)[C@H]2O[C@@](O)(C(=O)C(=O)N3CCCC[C@H]3C(=O)O[C@H](/C(C)=C/C3CC[C@@H](OCC(=O)Nc4ccc(OC)cc4)[C@H](OC)C3)[C@H](C)[C@@H](O)CC1=O)[C@H](C)C[C@@H]2OC,0.04,0.1279999999999997
CC1CC(O)(c2cccc(COc3ccc4c(-c5ccccc5)c5c(cc4c3)C(=O)OC5)c2)CC(C)O1,3.0,2.8764017
CCOc1cc(C2(C#N)CCN(CC(=O)NO)CC2)ccc1OC,5.0,3.576334008300001
N=C(N)c1ccc(C(=O)Nc2ccc3c(c2)NC(CC(=O)O)C(=O)N(CCc2ccccc2)C3)cc1,130.0,139.75575
CCCCC[C@H](O)/C=C/C1C(=O)C=C2OC(=O)CCC/C=C\C[C@@H]21,0.032,0.4929703499999988
CC(C)(C(=O)N1CCC(CC(=O)O)CC1)C(CCc1ccccc1)NC(=O)c1ccc(C(=N)N)cc1,160.0,151.81575
N#Cc1cc(-c2ccoc2)c2ccc(OCc3cccc(C4(O)CCOCC4)n3)cc2c1,0.6,1.63505
CCOC(=O)/C(=N\O)c1ccc(Sc2cc(F)cc(C3CCOCC3)c2)cc1,170.0,157.6075
O=C(O)CCc1ccccc1CC1C2CCC(O2)C1c1nc(C(=O)Nc2ccc(Cl)cc2)co1,6.0,5.27223945
COc1ccc2nc3cc(C(=O)NCCCN(C)CCCNC(=O)c4ccc(NCCN(C)C)c5c(O)c6cc(OC)ccc6nc45)cc(NCCN(C)C)c3c(O)c2c1,2.0,1.5978559000000008
Cl.Cl.Nc1ccc(-c2nnsc2-c2ccc(N)cc2)cc1,3.2,2.877415999999998
CC[C@@H]1/C=C(\C)C[C@H](C)C[C@H](OC)[C@H]2O[C@@](O)(C(=O)C(=O)N3CCCC[C@H]3C(=O)O[C@H](/C(C)=C/C3CC[C@@H](OCC(=O)N(C)CCc4ccccc4)[C@H](OC)C3)[C@H](C)[C@@H](O)CC1=O)[C@H](C)C[C@@H]2OC,0.64,0.5715000000000008
Cl.O=C(O)CCCCCC(CNS(=O)(=O)c1ccccc1)c1cccnc1,4.0,3.48576095
CC(C)c1nnc2ccc(-c3ocnc3-c3cc(Cl)ccc3F)cn12,190.0,177.11
COC(=O)c1cc(-c2ccccc2)c2ccc(OCc3cccc(C4(O)CCOCC4)c3)cc2c1,3.0,2.9635
CC(C)c1ccc2c(c1)c(SC(C)(C)C)c(CC(C)(C)C(=O)O)n2Cc1ccc(Cl)cc1,3.0,3.1692556666666665
CC(C)(C)CCCCCCNC(=O)c1coc(C2C3CCC(O3)C2Cc2ccccc2CCC(=O)O)n1,3.0,2.844133333333333
COC(=O)c1cc2c(cc1C(=O)OC)[C@@]1(C)CCC[C@](C)(C(=O)OC)C1C=C2,100.0,111.265
CO[C@H]1C[C@@H]2CC[C@@H](C)[C@@](O)(O2)C(=O)C(=O)N2CCCC[C@H]2C(=O)O[C@H]([C@H](C)C[C@@H]2CC[C@@H](O)[C@H](OC)C2)CC(=O)[C@H](C)/C=C(\C)[C@@H](O)[C@@H](OC)C(=O)[C@H](C)C[C@H](C)/C=C/C=C/C=C/1C,0.5,0.6939919499999999
Cl.O=S(=O)(CCCOc1ccc2[nH]c3nc(O)nc-3cc2c1)C1CCN(CCc2ccccc2)CC1,0.13,0.23260000000000042
Cl.O=C(NCCCOc1ccc2[nH]c3nc(O)nc-3cc2c1)N1CCN(c2ccccn2)CC1,0.69,0.5484679999999988
C[C@H](Nc1nccc(-c2[nH]c(C3(O)CCN(C)CC3)nc2-c2ccc(F)cc2)n1)c1ccccc1,0.1,0.8680515999999976
CN[C@H](Cc1ccccc1)C(=O)N[C@H](C(=O)NC(CCCN=C(N)N)C(=O)c1nc2ccccc2s1)C(C)C,180.0,163.67435
COc1ccc(C(=O)Nc2c(Cl)cncc2Cl)cc1OC1CCCC1,1.3,1.500513000000003
CS(=O)(=O)NC(=O)CCc1ccccc1CC1C2CCC(O2)C1c1nc(C(=O)NCCCCC2CCCCC2)co1,2.0,2.313322500000001
O=C(O)CCc1ccccc1CC1C2CCC(O2)C1c1nc(C(=O)NCCCCc2ccc(F)cc2)co1,4.0,3.9084903083
O=C(O)CC(CCCCNS(=O)(=O)c1ccc(Cl)cc1)CCCc1cccnc1,200.0,173.8125
CC(C)(C)Sc1c(CC(C)(C)C(=O)O)n(Cc2ccc(Cl)cc2)c2ccc(OCc3ccc4ccccc4n3)cc12,3.0,3.075
CS(=O)(=O)Nc1ccc2oc(NC(CC3CCCCC3)c3ccccc3)nc2c1,160.0,155.65833333333333
OC1(c2cccc(COc3ccc4c(-c5ccoc5)cc(Cc5nccs5)cc4c3)c2)CCOCC1,1.0,1.6070999999999998
CC[C@@H]1/C=C(\C)C[C@H](C)C[C@H](OC)[C@H]2O[C@@](O)(C(=O)C(=O)N3CCCC[C@H]3C(=O)O[C@H](/C(C)=C/C3CC[C@@H](OCC(=O)Nc4ccccc4)[C@H](OC)C3)[C@H](C)[C@@H](O)CC1=O)[C@H](C)C[C@@H]2OC,0.29,0.2484199999999995
COc1ccc(-c2nc(C)sc2-c2ccc(OC)cc2)cc1,0.00032,0.10518584999999966
CC[C@@H]1/C=C(\C)C[C@H](C)C[C@H](OC)[C@H]2O[C@@](O)(C(=O)C(=O)N3CCCC[C@H]3C(=O)O[C@H](/C(C)=C/C3CC[C@@H](OCC(=O)NCCc4ccccc4)[C@H](OC)C3)[C@H](C)[C@@H](O)CC1=O)[C@H](C)C[C@@H]2OC,0.34,0.3463200000000011
COC(=O)Cc1nc(-c2ccc(OC)cc2)c(-c2ccc(OC)cc2)s1,0.0001,0.34485580000000104
COc1cc(-c2nn([C@H]3CC[C@H](N4CCN(C)CC4)CC3)c3ncnc(N)c23)ccc1NC(=O)c1cc2ccccc2o1,6.0,5.099144999999999
COC(=O)c1cc2c(c(C)c1C(=O)OC)C(C)=CC1[C@@](C)(C(=O)OC)CCC[C@]21C,200.0,178.095
Cl.Oc1nc2cc3cc(OCCCCc4nnnn4C4CCNCC4)ccc3[nH]c-2n1,5.33,3.223853450000003
COc1cc2c(cc1C[N+](C)(C)CSc1ccccc1)-c1ccc(OC)c(C)c1CC2.[Br-],0.9,1.144090500000003
COc1cc2c(cc1C[N+](C)(C)CSc1ccccc1)-c1ccccc1CC2.[Br-],1.4,1.642832308299998
O=C(NC[C@H](NS(=O)(=O)c1ccccc1)C(=O)O)c1cc2cc(OCC3CCNCC3)ccc2n1Cc1ccccc1,150.0,144.88330000000002
O=C(O)COc1cccc(/C=C\c2nc(-c3ccccc3)c(-c3ccccc3)o2)c1,180.0,164.715
CC(C)[C@H](NC(=O)[C@H](CC(=O)O)NC(=O)CCCOc1ccc(C(=N)N)cc1)C(=O)N1CCN(C)CC1,180.0,161.9361
COC(=O)C(C)(C)c1nc(-c2ccc(OC)cc2)c(-c2ccc(OC)cc2)s1,0.0032,0.4294156000000011
CCCCCCOCC1C2CCC(O2)C1CCCCCCC(=O)O,200.0,188.895
Cc1nc(N)sc1-c1ccnc(Nc2ccc(O)cc2)n1,200.0,179.305
OC1(c2cccc(COc3ccc4c(-c5ccoc5)cc(C5=NCCO5)cc4c3)c2)CCOCC1,3.0,2.7991470000000005
O=C(O)COc1cccc2c1C(O)C[C@](O)(COC(=O)N(c1ccccc1)c1ccccc1)C2,198.0,177.6
CC[C@@H]1/C=C(\C)C[C@H](C)C[C@H](OC)[C@H]2O[C@@](O)(C(=O)C(=O)N3CCCC[C@H]3C(=O)O[C@H](/C(C)=C/C3CC[C@@H](OCC(=O)Nc4ccc(Cl)cc4)[C@H](OC)C3)[C@H](C)[C@@H](O)CC1=O)[C@H](C)C[C@@H]2OC,0.07,0.16905100000000023
CC(C)(C(=O)[O-])C(c1ccc(OCc2ccc3ccccc3n2)cc1)c1ccc(OCc2ccc3ccccc3n2)cc1.[Na+],100.0,105.86
COc1cccc(Nc2nccc(-c3ccccn3)n2)c1,200.0,181.85
COc1ccc(-c2nc(C(C)C)sc2-c2ccc(OC)cc2)cc1,0.0032,0.22436934999999988
CC[C@@H]1/C=C(\C)C[C@H](C)C[C@H](OC)[C@H]2O[C@@](O)(C(=O)C(=O)N3CCCC[C@H]3C(=O)O[C@H](/C(C)=C/[C@@H]3CC[C@@H](O)[C@H](OC)C3)[C@H](C)CCC1=O)[C@H](C)C[C@@H]2OC,0.15,0.4682250000000004
CC1(c2ccc(C(=N)N)cc2)NC(=O)N(CC(=O)NC(CC(=O)O)c2ccccc2)C1=O,200.0,181.7225
N#Cc1cc(-c2ccoc2)c2ccc(COc3cccc(C4(O)CC5COC(C4)O5)n3)cc2c1,3.1,3.1171960000000083
Cl.O=C(NCCCOc1ccc2[nH]c3nc(O)nc-3cc2c1)N1CCN(c2ncccn2)CC1,0.32,0.45646299999999873
c1ccc(-c2csnn2)cc1,3.2,3.0989699999999996
Cc1ccc(S(=O)(=O)N[C@@H](CNC(=O)CC2CC(c3ccc(C(=N)N)cc3)=NO2)C(=O)O)o1.O=C(O)C(F)(F)F,160.0,150.33666666666667
COc1ccc(-c2snnc2-c2ccccc2)cc1,0.003,0.35709276666666684
COC(=O)CCc1cc(CCNS(=O)(=O)c2ccc(Cl)cc2)cc(CCc2cccnc2)c1,3.0,3.1730509499999986
O=C(O)COc1cccc2c1C[C@H]1C[C@@H](O)[C@H](C#C[C@@H](O)C3CCCCC3)[C@H]1C2,2.9,2.963566449999993
CCc1cccc2nc(-c3ccccc3)cc(O)c12,150.0,145.345
COC(=O)[C@@]1(C)CCC[C@]2(C)c3cc(OC)c(O)cc3C=C[C@@H]12,100.0,108.0
Oc1ccc2c3c1O[C@H]1c4c(c(-c5ccccc5)cn4Cc4ccccc4)C[C@@]4(O)C(C2)N(CC2CC2)CC[C@]314,2.87,2.958936000000002
Cc1ccc2oc(N[C@@H](CC3CCCCC3)c3ccccn3)nc2c1,1.0,1.8702857582999997
O=C(O)CCc1c(-c2cccnc2)ccc2c1CCC(NS(=O)(=O)c1ccc(Cl)cc1)C2,140.0,135.825
C[C@H](Nc1cc(-c2sc(C3(O)CCN(C)CC3)nc2-c2ccc(F)cc2)ccn1)c1ccccc1,1.0,1.1621635999999995
CCCCOC(=O)N[C@@H](CNC(=O)c1cc(OCC2CCN(C(=N)N)CC2)no1)C(=O)OC.O=C(O)C(F)(F)F,200.0,172.91075
CCc1cc2cc(C(=O)Cc3ccccc3)ccc2nc1C,96.0,106.58
COc1ccc(-c2ncsc2-c2ccc(OC)cc2)cc1,0.032,0.47732879999999933
CCCCC[C@H](O)/C=C/C1C(=O)C[C@H](O)[C@@H]1CCOCCCC(=O)O,0.032,0.17815058333333322
CC(C)(C)OC(=O)N[C@H](CCCCN)C(=O)Nc1ccc(C(=O)O)c(-c2ccc(O)cc2)c1,0.02,0.5684849999999989
Cc1cccc(S(=O)(=O)N[C@@H](CNC(=O)C[C@@H]2C[C@H](c3ccc(C(=N)N)cc3)N(C(C)C)O2)C(=O)O)c1.Cl,140.0,142.90441666666666
COC(=O)[C@@H](CC1CCCCC1)Nc1nc2ccccc2o1,100.0,117.69775
C[C@H](Nc1nccc(-n2c(-c3ccc(F)cc3)nc3nc(N4CCN(C)CC4)ccc32)n1)c1ccccc1,1.0,1.4798749999999998
COC(=O)c1cc2c(cc1OC)C=C[C@H]1[C@@](C)(C(=O)OC)CCC[C@]21C,100.0,111.315
OC(c1ccc(OCc2ccc3ccccc3n2)cc1)c1ccc(OCc2ccc3ccccc3n2)cc1,170.0,151.58055000000002
CCCc1c(OCCCOc2ccc(C(=O)NC(C)C)c(OC)c2CCC)ccc2c1OC(C(=O)O)CC2,0.11,0.7426170000000007
N#Cc1cc(-c2ccoc2)c2ccc(OCc3ccnc(C4(O)CCOCC4)c3)cc2c1,5.0,3.954100000000001
Cc1cc2c(cc1C(=O)N=C(N)N)S(=O)(=O)CC2(O)C(=O)c1ccccc1,157.0,153.175
COC(=O)C[C@@]1(C)CCC[C@]2(C)c3cc(C(=O)OC)c(C(=O)OC)cc3C=CC12,160.0,147.37
CO[C@]1(c2cc(F)cc(OCc3ccc4c(ccc(=O)n4C)c3)c2)CCO[C@H](C)C1,140.0,137.88
COc1ccc(-c2ccc(C(N)=O)nc2)cc1OC1CCCC1,180.0,164.39
C[C@H](COc1ccc2c(c1)c(SC(C)(C)C)c(CC(C)(C)C(=O)O)n2Cc1ccc(Cl)cc1)c1ccccn1,3.0,3.0233333333333325
Nc1cccc(OC(=O)c2ccncc2)c1,1.42,1.8652663083
CS(=O)(=O)c1ccc(-n2cc(C(F)(F)F)nc2-c2cccnc2)cc1,200.0,180.575
CCNC(=N)c1ccc(C2=NOC(CC(=O)NCCC(=O)O)C2)cc1,89.0,103.32125
CN(C)c1ccc(-c2nnsc2-c2ccc(N(C)C)cc2)cc1,0.01,0.7800215500000011
COc1ccc(-c2nc(C(F)(F)F)sc2-c2ccc(OC)cc2)cc1,0.001,0.27998459999999936
Fc1ccc(C(CC2CCCCC2)Nc2nc3ccccc3o2)cc1,170.0,162.6
CC[C@@H]1/C=C(\C)C[C@H](C)C[C@H](OC)[C@H]2O[C@@](O)(C(=O)C(=O)N3CCCC[C@H]3C(=O)O[C@H](/C(C)=C/C3CC[C@@H](OCC(=O)N(C)Cc4ccccc4)[C@H](OC)C3)[C@H](C)[C@@H](O)CC1=O)[C@H](C)C[C@@H]2OC,0.09,0.2381500000000007
CC(C)(C)Sc1c(CC(C)(C)C(=O)O)n(Cc2ccc(Cl)cc2)c2ccc(OCc3cccs3)cc12,4.0,3.7351666666666663
CC(C)CN1CCC(n2nnnc2CCCOc2ccc3[nH]c4nc(O)nc-4cc3c2)CC1.Cl,0.0094,0.09052504999999983
CCCc1c(OCCCOc2ccc(-c3c[nH]nn3)c(OC)c2CCC)ccc2c1OC(C(=O)O)CC2,88.0,96.885
Nc1ccc2c(NNc3ccc([N+](=O)[O-])cc3[N+](=O)[O-])c3cc(N)ccc3c(/N=N/c3ccc([N+](=O)[O-])cc3[N+](=O)[O-])c2c1,5.0,4.131376700000001
O=C(c1ccccc1)c1cc(-c2ccoc2)c2ccc(OCc3cccc(C4(O)CCOCC4)c3)cc2c1,1.0,1.6967500000000002
CCC(=O)NCCC[C@H](NC(=O)[C@H](CCCN=C(N)N)NC(=O)[C@H](CC(C)C)NC(=O)[C@H](Cc1ccc(NC(=N)N)cc1)NC(=O)[C@H](Cc1ccc(F)cc1)NC(=O)/C=C/c1ccccc1)C(N)=O,120.0,129.5042
Cl.Cl.O=C(NCCCOc1ccc2[nH]c3nc(O)nc-3cc2c1)N1CCN(Cc2ccc(Cl)cc2)CC1,0.29,0.31741999999999954
N=C(N)Nc1ccc(C2NC(=O)N(CC(=O)N[C@@H](CC(=O)O)C(=O)N[C@H](C(=O)O)c3ccccc3)C2=O)cc1,200.0,183.80025
Nc1ccc2c(/N=N/c3ccc([N+](=O)[O-])cc3[N+](=O)[O-])c3ccccc3c(O)c2c1N,6.0,4.660761149999998
Cl.O=C(NCCCOc1ccc2[nH]c3nc(O)nc-3cc2c1)N1CCN(CC2CCCCCC2)CC1,0.054,0.08873999999999992
CCOC(=O)C(Cc1ccc(Br)cc1)Nc1nc2ccccc2s1,150.0,153.485
CO[C@H]1Nc2ccccc2C(=O)N2C=C(/C=C/C(=O)N(C)C)C[C@@H]12,86.0,104.81166666666668
Cl.O=C(NCCCOc1ccc2[nH]c3nc(O)nc-3cc2c1)N1CCN(N2CCC(Cc3ccccc3)CC2)CC1,0.16,0.3095049999999992
O=C(O)Cc1ccc2c(c1)[C@H]1C[C@@H](O)[C@H](C#C[C@@H](O)C3CCCCC3)[C@H]1C2,180.0,162.34055
O=C(O)COc1cccc2c1CCC(CC(=O)NN(c1ccccc1)c1ccccc1)C2,150.0,146.905
CN(C)C(=O)c1ccc2oc(NC(CC3CCCCC3)c3ccccc3)nc2c1,170.0,160.785
Cc1cc(COc2ccc(NC(=O)[C@H]3CN(C)CC[C@@H]3C(=O)NO)cc2)c2ccccc2n1,100.0,118.33
CCCCCCCCCCNC(=O)c1coc(C2C3CCC(O3)C2Cc2ccccc2CCC(=O)O)n1,1.0,1.6446599999999998
CCCC(=O)Nc1ccc(OC(=O)c2ccncc2)cc1,3.7,2.876035666599998
COc1cc(-c2nn([C@H]3CC[C@H](N4CCN(C)CC4)CC3)c3ncnc(N)c23)ccc1NC(=O)OCc1ccccc1,2.0,2.4085077000000004
C/C(=N\Nc1ccc([N+](=O)[O-])cc1)c1ccc(O)cc1,6.0,4.617036616600001
O=C(O)CSC(c1ccccc1)(c1ccc(OCc2ccc3ccccc3n2)cc1)c1ccc(OCc2ccc3ccccc3n2)cc1,87.0,104.40775
O=C(O)CCC(CCCCNS(=O)(=O)c1ccc(F)cc1)CCCc1cccnc1,108.0,131.39
COc1ccc2c(Cc3c(Cl)cncc3Cl)n[n+]([O-])cc2c1OC1CCCC1,139.0,142.03
CC(C)c1csc(COc2ccc3c(c2)c(SC(C)(C)C)c(CC(C)(C)C(=O)O)n3Cc2ccc(Cl)cc2)n1,3.0,3.026218333333333
C=CCC(CC=C)(COc1cccc(CN(CC)C/C=C/C#CC(C)(C)C)c1)OCc1ccsc1,160.0,147.43
O=C(N[C@@H](CCC(=O)N1CCN(c2cccc(NC3=NCCCCN3)c2)CC1)C(=O)O)OCc1ccccc1,1.7,2.169749999999996
Cl.O=S(=O)(CCCOc1ccc2[nH]c3nc(O)nc-3cc2c1)C1CCN(CC2CCCCO2)CC1,0.034,0.06986500000000015
CCCCCCCNC(=O)c1coc(C2C3CCC(O3)C2Cc2ccccc2CCC(=O)O)n1,2.0,2.1120335
NS(=O)(=O)c1cccc(Nc2nccc(-c3cccnc3)n2)c1,200.0,187.90833333333333
CC(C)(C)Sc1c(CC(C)(C)C(=O)O)n(Cc2ccc(Cl)cc2)c2ccc(OCc3cscn3)cc12,3.0,3.1814999999999998
Cl.O=S(=O)(CCCCOc1ccc2[nH]c3nc(O)nc-3cc2c1)C1CCN(CC2CCCCC2)CC1,0.03,0.04864500000000001
O=C(O)CCC/C=C\c1cc(Cc2cccnc2)cc2c1CCC(NS(=O)(=O)c1ccc(Cl)cc1)C2,90.0,110.4
O=[N+]([O-])c1ccc(NN=c2c3ccccc3oc3ccccc23)c([N+](=O)[O-])c1,0.05,1.7388400000000042
CCOC(=O)N1CCC(n2nnnc2CCCCOc2ccc3[nH]c4nc(O)nc-4cc3c2)CC1,0.1,0.46512479999999934
Cc1cc(C)cc(Nc2nccc(-c3ccccn3)n2)c1,100.0,120.515
COc1ccc(C2=NOC(CC(=O)NO)C2)cc1OC1CCCC1,138.0,137.76721666666666
N=C(N)c1ccc(/C=C2/NC(=O)N(CC(=O)N[C@@H](CC(=O)O)C(=O)N[C@H](C(=O)O)c3ccccc3)C2=O)cc1,150.0,157.01
CCCCOC(=O)N(O)[C@@H]1C[C@@H]2CC[C@@H](C)[C@@](O)(O2)C(=O)C(=O)N2CCCC[C@H]2C(=O)O[C@H]([C@H](C)C[C@@H]2CC[C@@H](O)[C@H](OC)C2)CC(=O)[C@H](C)/C=C(\C)[C@@H](O)[C@@H](OC)C(=O)[C@H](C)C[C@H](C)/C=C/C=C/C=C/1C,83.0,118.58349999999999
CC[C@@H]1/C=C(\C)C[C@H](C)C[C@H](OC)[C@H]2O[C@@](O)(C(=O)C(=O)N3CCCC[C@H]3C(=O)O[C@H](/C(C)=C/C3CC[C@@H](OCC(=O)Nc4ccc(F)cc4)[C@H](OC)C3)[C@H](C)[C@@H](O)CC1=O)[C@H](C)C[C@@H]2OC,0.03,0.08549999999999994
CC(=O)Oc1cc2c(c(C)c1OC(C)=O)CC=C1C(C)(C)C(=O)CC[C@]12C,200.0,189.135
CC[C@@H]1/C=C(\C)C[C@H](C)C[C@H](OC)[C@H]2O[C@@](O)(C(=O)C(=O)N3CCCC[C@H]3C(=O)O[C@H](/C(C)=C/C3CC[C@@H](OCC(=O)Nc4ccc(Cl)c(Cl)c4)[C@H](OC)C3)[C@H](C)[C@@H](O)CC1=O)[C@H](C)C[C@@H]2OC,0.55,0.5079849999999987
N#Cc1cc(-c2ccoc2)c2ccc(OCc3cccc(C4(O)CC5COC(C4)O5)n3)cc2n1,103.0,119.2605
COC1(c2cccc(OCc3ccc4c(-c5ccccc5)c5c(cc4c3)C(=O)OC5)c2)CCOCC1,0.9,1.42765
CC1Cc2c(OCc3ccc(-c4ccccc4)cn3)ccc3c2c(c(CC(=O)N(C)C(C)C(=O)O)n3Cc2ccc(Cl)cc2)S1,200.0,166.6877166666667
O=C1OCc2c1cc1cc(OCc3cccc(C4(O)CCOCC4)c3)ccc1c2-c1ccco1,5.0,4.125049999999999
CCCCS(=O)(=O)NC(CCCc1ccc2c(c1)c(=O)n(CCC1CCNCC1)c(=O)n2Cc1ccccc1)C(=O)O,160.0,147.40230000000003
c1cc(Nc2nccc(-c3ccncc3)n2)cc(OCCn2ccnc2)c1,200.0,186.645
CCCCC[C@@H]1/C=C\C2C(=O)CC(O)[C@@H]2C/C=C\CCCC(=O)O1,1.0,0.8732655583000002
N=C(N)c1ccc(C2=NO[C@@H](CC(=O)NC[C@H](NS(=O)(=O)c3ccccc3C(F)(F)F)C(=O)O)C2)cc1.O=C(O)C(F)(F)F,89.0,103.35833333333333
O=C([O-])COc1cccc(C[C@@H]2CCC[C@H]3O[C@]23c2nc(-c3ccccc3)c(-c3ccccc3)o2)c1.[Na+],5.8,4.170486099999992
CC(C)COC(=O)N[C@@H](CCC(=O)N1CCN(c2cccc(NC3=NCCCN3)c2)CC1)C(=O)O,0.91,1.335799999999999
CO/N=C(\C)c1ccc(Sc2cc(F)cc([C@@]3(OC)CCO[C@@H](C)C3)c2)cc1,140.0,139.8
Cl.Oc1nc2cc3cc(OCCCc4nnnn4C4CCN(CC5CCCCCC5)CC4)ccc3[nH]c-2n1,0.017,0.08935649999999981
COC(=O)c1cc2c(cc1NS(C)(=O)=O)C=C[C@H]1[C@@](C)(C(=O)OC)CCC[C@]21C,100.0,109.695
CC[C@H](C)[C@H]1NC(=O)[C@H](NC(C)=O)CSSC[C@H](C(N)=O)NC(=O)[C@@H](CCCN=C(N)N)NC(=O)[C@H](Cc2ccc(OC)cc2)NC(=O)[C@@H](CC(=O)O)NC(=O)CNC(=O)[C@@H](CCCN=C(N)N)NC(=O)[C@@H]2CCCN2C1=O,170.0,155.6985
O=C(O)c1cccc(CCC2C3CCC(O3)C2c2nc(C(=O)NCCCCC3CCCCC3)co2)c1,110.0,123.25
CC(C)c1ccc(N/C=N/O)cc1,2.4,2.5108249999999934
CC(C)(C)Sc1c(CC(C)(C)C(=O)O)n(Cc2ccc(Cl)cc2)c2ccc(CCc3ccc4ccccc4n3)cc12,4.0,3.9343214285714287
CC(=O)N(CCc1c2c3c(c(OCc4ccc(-c5ccccc5)cn4)ccc3n1Cc1ccc(Cl)cc1)CC(C)S2)C(C)C(=O)O,113.0,126.09296666666667
Cl.Oc1nc2cc3cc(OCCCc4nnnn4C4CCN(CCc5ccccc5)CC4)ccc3[nH]c-2n1,0.083,0.16483669999999964
COc1ccc(-c2nnsc2-c2ccccc2)cc1,0.01,0.41244600000000053
CCC(NC(=O)c1ccc(C(=N)N)cc1)C(C)(C)C(=O)N1CCC(CC(=O)O)CC1,85.0,109.955
CC[C@@H]1/C=C(\C)C[C@H](C)C[C@H](OC)[C@H]2O[C@@](O)(C(=O)C(=O)N3CCCC[C@H]3C(=O)O[C@H](/C(C)=C/C3CC[C@@H](OCC(=O)Nc4ccc(N5CCOCC5)cc4)[C@H](OC)C3)[C@H](C)[C@@H](O)CC1=O)[C@H](C)C[C@@H]2OC,0.58,0.5114199999999994
c1cncc(-c2ccnc(Nc3cccc(-n4ccnc4)c3)n2)c1,200.0,189.96
Nc1ccc(SC[C@@H]2CO[C@](CCc3ccc(Cl)cc3)(Cn3ccnc3)O2)cc1,0.09,1.1986360000000018
Cc1cc2c(cc1C(=O)N=C(N)N)S(=O)(=O)C/C2=N\O,197.0,175.88
CCCCS(=O)(=O)N[C@@H](CNC(=O)C1CCC2(CC1)CCN(c1ccncc1)CC2)C(=O)O,179.0,165.22333333333336
Oc1cc2c(cc1SCc1ccccc1)OCC2,110.0,118.355
O=C(O)c1ccc2oc(NC(CC3CCCCC3)c3ccccc3)nc2c1,150.0,151.325
O=C(O)COc1cccc2c1CCC(Cn1cc(C(c3ccccc3)c3cccnc3)cn1)C2,150.0,139.205
N=C(N)c1ccc(C2=NOC(CC(=O)NC[C@H](NS(=O)(=O)c3cccc(C(F)(F)F)c3)C(=O)O)C2)cc1.O=C(O)C(F)(F)F,120.0,120.47666666666667
CO[C@H]1Nc2cc3c(cc2C(=O)N2C=C(/C=C/C(=O)N(C)C)C[C@@H]12)OCO3,5.0,3.8594441999999987
Fc1cc(Sc2ccc3c(c2)CC/C3=N\OCc2ccncc2)cc(C2CCOCC2)c1,90.0,107.85575
CNC(=O)C1CCN(CCOc2ccc(Cc3ccccc3)cc2)CC1,130.0,133.975
CS/C(=N\O)c1ccc(Sc2cc(F)cc(C3CCOCC3)c2)cc1,190.0,170.365
Oc1cc2c(cc1Sc1ccccc1)OCC2,140.0,138.4
NCCCC[C@H](NC(=O)CNC(=O)CNC(=O)[C@H]1CSCC(=O)N[C@@H](Cc2ccc(O)cc2)C(=O)N[C@H](CSCCCN)C(=O)NCC(=O)N[C@H](CC(=O)O)C(=O)N1)C(=O)NCC(=O)N[C@@H](CCCCN)C(=O)NCC(=O)N[C@@H](CCCCN)C(=O)N[C@@H](CCCCN)C(=O)NCC(=O)N[C@@H](CS)C(=O)NCC(N)=O,110.0,120.30940000000001
CCOC(=O)[C@H](Cc1ccccc1)Nc1nc2ccccc2o1,150.0,144.24
Nc1nc(O)c2ncn(C3CC(O)C(CO)S3)c2n1,2.0,1.8729859999999996
CNC(=O)OCc1c2c(n(C)c1COC(=O)NC)C(=O)C(C)=C(OC)C2=O,0.03,0.3309560000000004
O=C(O)CCc1c2c(cc(Cc3cccnc3)c1-c1ccccc1)CC(NS(=O)(=O)c1ccc(Cl)cc1)CC2,180.0,163.095
CC(C)(C)Sc1c(CC(C)(C)C(=O)O)n(Cc2ccc(Cl)cc2)c2ccc(OCc3ccc4c(n3)CCCC4)cc12,3.0,3.2546452380952386
COc1ccc(-c2ccc(C(N)=O)cc2)cc1O[C@H]1CC2CCC1C2,180.0,167.3025
CCc1cc2cc(C(=O)C3Cc4ccccc4C3)ccc2nc1C,96.0,106.44
CC(C)C(NC(=O)c1ccc(C(=N)N)cc1)C(C)(C)C(=O)N1CCC(CC(=O)O)CC1,150.0,143.125
CC[C@@H](C)/C=C(\C)C[C@@H](C)C[C@@H](C)/C=C/C=C/C=C/C(=O)N[C@H](CO)C[C@@]1(O)C(=O)C=C[C@@H]2O[C@@H]21,100.0,114.0475
CC[C@@H]1/C=C(\C)C[C@H](C)C[C@H](OC)[C@H]2O[C@@](O)(C(=O)C(=O)N3CCCC[C@H]3C(=O)O[C@H](/C(C)=C/[C@@H]3CC[C@@H](O)[C@H](OC)C3)[C@H](C)[C@@H](O)CC1=O)[C@H](C)C[C@@H]2OC,2.06,1.4767000000000012
CCCC(CCC)CN1CCC(n2nnnc2CCCOc2ccc3[nH]c4nc(O)nc-4cc3c2)CC1.Cl,0.082,0.07615070000000018
CC(=O)NCSC[C@H](NC(=O)CNC(=O)[C@H](CSCNC(C)=O)NC(=O)CNC(=O)[C@H](CCCCN)NC(=O)[C@H]1CSCC(=O)N[C@@H](Cc2ccc(O)cc2)C(=O)N[C@H](CSCCCN)C(=O)NCC(=O)N[C@H](CC(=O)O)C(=O)N1)C(N)=O,160.0,149.4813
Cl.Oc1nc2cc3cc(OCCCCc4nnnn4C4CCN(CC5CCCCC5)CC4)ccc3[nH]c-2n1,0.02,0.07175199999999977
CO[C@@H]1C[C@H](C[C@@H](C)[C@@H]2CC(=O)[C@H](C)/C=C(\C)[C@@H](O)[C@@H](OC)C(=O)[C@H](C)C[C@H](C)/C=C/C=C/C=C(\C)[C@H](N(O)C(=O)Oc3ccccc3)C[C@@H]3CC[C@@H](C)[C@@](O)(O3)C(=O)C(=O)N3CCCC[C@H]3C(=O)O2)CC[C@H]1O,170.0,156.73680000000002
Oc1cc2c(cc1CCCNc1ccccc1)OCC2,140.0,137.795
Oc1ccc2c(c1)OC=C(CN1CCC(=C(c3ccc(F)cc3)c3ccc(F)cc3)CC1)O2,100.0,115.775
N#Cc1cc(-c2ccoc2)c2ccc(CSc3cc(F)cc(C4(O)CC5COC(C4)O5)c3)cc2n1,193.0,173.82575
CCCCC/C=C\C[C@@H](O)/C=C/C=C/C=C\[C@@H](O)CCCC(=O)O,1.79,2.037222283333337
O=C1NCCCC[C@@H](C(=O)NCC(=O)N2CCNCC2)NC(=O)[C@H](Cc2ccc(-c3cccc(C(F)(F)F)c3)cc2)[C@@H](C(=O)NO)CCCO1,120.0,131.05515000000003
Cc1cc2c(cc1C(=O)N=C(N)N)S(=O)(=O)CC2C,182.0,164.52
CC(C)SCC[C@@H](N)[C@H](O)C(=O)NNC(=O)c1cccc(Cl)c1,100.0,117.18
N=C(N)c1ccc(C2=NO[C@@H](CC(=O)NC[C@H](NS(=O)(=O)c3ccccc3)C(=O)O)C2)cc1.O=C(O)C(F)(F)F,190.0,163.695
C/C=C/C(NC(=O)c1ccc(C(=N)N)cc1)C(C)(C)C(=O)N1CCC(CC(=O)O)CC1,170.0,158.715
c1cc(Nc2nccc(-c3ccco3)n2)cc(OCCn2ccnc2)c1,200.0,182.72
C#Cc1nnc(Cc2c(Cl)cncc2Cl)c2ccc(OC)cc12,87.0,108.14
O/N=C/c1ccc(Sc2cc(F)cc(C3CCOCC3)c2)cc1,120.0,131.005
COc1ccc(C(=O)O)cc1NC(=O)/C=C/c1ccc(-c2ccc(C)cc2)cc1,103.0,111.645
NC(=O)CNC(=O)[C@@H]1CCCCNC(=O)OCCC[C@H](C(=O)NO)[C@@H](Cc2ccc(-c3ccccc3C(F)(F)F)cc2)C(=O)N1,180.0,162.84443333333334
CC(C)(C)Sc1c(CC(C)(C)C(=O)O)n(Cc2ccc(Cl)cc2)c2ccc(OCc3nc4ccccc4s3)cc12,3.0,3.2255833333333332
CN(C)CCN1CCN(c2nc(-c3ccccc3Cl)c3c(n2)N(c2c(Cl)cccc2Cl)C(=O)NC3)CC1,100.0,114.32055
CN1CCN([C@H]2CC[C@H](n3nc(-c4ccc(Nc5ccccc5)cc4)c4c(N)ncnc43)CC2)CC1,135.0,137.24163333333334
O=C1NCc2c(-c3ccc(F)cc3F)cc(NC3CCNCC3)cc2N1c1c(Cl)cccc1Cl,4.5,3.5625635
COc1ccc(CN2CCN(S(=O)(=O)CCCOc3ccc4[nH]c5nc(O)nc-5cc4c3)CC2)cc1.Cl,0.46,0.44878999999999913
CN(C)CCNC(=O)c1ccc(NCCCN(C)CCCNc2ccc(C(=O)NCCN(C)C)c3nc4ccccc4c(O)c23)c2c(O)c3ccccc3nc12,0.43,0.8374912000000029
FC(F)(F)c1cccc(-c2nc(C3CCNCC3)cn2-c2ccnc(NC3CCCCC3)n2)c1,2.0,1.889182
Oc1ccc2c(c1CCCSc1ccccc1)CCO2,120.0,126.755
O=C(N[C@@H](CCC(=O)N1CCN(c2cccc(NC3=NCCN3)c2)CC1)C(=O)O)OCc1ccccc1,3.0,2.8611
CC(C)COC(=O)N[C@@H](CCC(=O)N1CCN(c2cccc(NC3=NCC(F)CN3)c2)CC1)C(=O)O,0.18,1.0576750000000028
CC/C=C\C[C@H](O)/C=C/C1C(=O)C[C@H](O)[C@@H]1C/C=C\CCCC(=O)O,0.0032,0.10678182142857129
CC(=O)N[C@H](CCCCN)C(=O)Nc1ccc(C(=O)N[C@@H](CC(=O)O)C(=O)O)cc1,0.01,0.6448783500000012
O=C(O)CCC/C=C\C[C@@H]1C(/C=C/[C@@H](O)CCc2ccccc2)C(=O)C[C@@H]1O,3.2,2.4922958333333276
Nc1nc(N)c2nc(CNc3ccc(C(=O)N[C@@H](CCC(=O)O)C(=O)O)cc3)cnc2n1,1.0,1.2640734583
CN(C(=O)c1ccc2c(c1)CN(CCc1ccccc1)C(=O)C(CC(=O)O)N2)c1cccc(C(=N)N)c1,160.0,151.21075000000002
N#Cc1nccc2c1ncn2CCOc1ccc(Cc2ccccc2)cc1,100.0,109.805
COc1ccc(C[C@H]2NC(=O)[C@H](CC(=O)O)NC(=O)CNC(=O)[C@H](CCCN=C(N)N)NC(=O)[C@H]3CCCN3C(=O)[C@H](CC(N)=O)NC(=O)[C@@H](NC(C)=O)C(C)(C)SSC[C@@H](C(N)=O)NC(=O)[C@H](CCCN=C(N)N)NC2=O)cc1,170.0,162.06775
CO[C@@H]1C[C@H](C[C@@H](C)[C@@H]2CC(=O)[C@H](C)/C=C(\C)[C@@H](O)[C@@H](OC)C(=O)[C@H](C)C[C@H](C)/C=C/C=C/C=C(\C)[C@H](N(O)C(C)=O)C[C@@H]3CC[C@@H](C)[C@@](O)(O3)C(=O)C(=O)N3CCCC[C@H]3C(=O)O2)CC[C@H]1O,95.0,114.51575000000001
CCN1CCC(c2cc(-c3ccc(F)cc3Cl)c3c(c2)N(c2c(Cl)cccc2Cl)C(=O)NC3)CC1,4.0,3.55804
O=C(O)CCc1ccccc1CC1C2CCC(O2)C1c1nc(C(=O)CCCCCC2CCCCC2)co1,4.0,3.5638517000000003
COc1ccc(-c2nnsc2-c2cccs2)cc1,1.0,1.324425
CC(C)c1ccc2oc(N[C@@H](CN3CCCCC3)c3ccccc3)nc2c1,100.0,118.44
O=C(O)CCC/C=C\C[C@@H]1[C@@H](NS(=O)(=O)c2ccc(Cl)cc2)CC[C@@H]1O,190.0,170.42
N=C(N)c1ccc(-c2ccc([C@]3(O)CC[C@@](O)(CC(=O)O)CC3)cn2)cc1,140.0,146.66666666666669
COC(=O)C1CC2CC1CN2CCOc1ccc(Cc2ccccc2)cc1,200.0,174.92055
O=C(N[C@@H](CNC(=O)c1cc2n(n1)CCN(CCC1CCNCC1)C2=O)C(=O)O)OCc1ccccc1,5.0,3.467339999999999
CCCCC[C@H](O)/C=C/C1C(=O)C=C[C@@H]1C/C=C\CCCC(=O)O,0.0032,0.2398832499999997
N#Cc1cc(-c2ccoc2)c2ccc(OCc3cccc(C4(O)CC5COC(C4)O5)c3)cc2c1,3.0,3.0690810000000015
COc1ccc(NS(=O)(=O)C(F)(F)F)cc1C[C@H]1[C@@H](O)c2cc(OCc3nc4cc(F)c(F)cc4s3)ccc2OC1(C)C,0.3,0.8693550000000007
O=C(O)CCNC(=O)CN1CCC[C@@H](CCC2CCNCC2)C1=O,83.0,106.76666666666668
C=CC[C@@H]1/C=C(\C)C[C@H](C)C[C@H](OC)[C@H]2O[C@@](O)(C(=O)C(=O)N3CCCC[C@H]3C(=O)O[C@H](/C(C)=C/[C@@H]3CC[C@@H](O)[C@H](OC)C3)[C@H](C)[C@@H](O)CC1=O)[C@H](C)C[C@@H]2OC,0.37,0.7010000000000011
CCS(=O)(=O)N[C@H](Cc1ccccc1)C(=O)N1CCC[C@H]1C(=O)NC(C(=O)c1nc2ccccc2s1)C1CCC(N)CC1,120.0,134.46565
CN[C@@H](Cc1ccccc1)C(=O)N[C@@H](CCCCN)C(=O)N1CCC[C@H]1C(=O)N[C@H](CC1CCCCC1)C(=O)N[C@@H](Cc1c[nH]c2ccccc12)C(=O)N[C@H](CCCN=C(N)N)C(=O)O,107.15,120.91845000000012
O=C(O)CCc1ccccc1CC1C2CCC(O2)C1c1nc(C(=O)NC2CCCCC2)co1,3.0,3.094835
CC1OC(=O)c2cc3cc(OCc4cccc(C5(O)CCOCC5)c4)ccc3c(-c3ccccc3)c21,150.0,141.685
O=C(NC[C@H](NS(=O)(=O)c1ccccc1)C(=O)O)c1cc2cc(OCCCc3c[nH]cn3)ccc2[nH]1,100.0,114.3775
CCCCCCCCCCCCOP(=O)(O)O,160.0,155.365
Cl.O=S(=O)(CCCOc1ccc2[nH]c3nc(O)nc-3cc2c1)N1CCN(CC2CCCCC2)CC1,0.11,0.15415499999999974
NC(=O)N(O)C/C=C/c1cccc(Oc2ccccc2)c1,90.0,109.815
COc1ccc(-c2nc(CC(N)=O)sc2-c2ccc(OC)cc2)cc1,0.0032,0.1721619082999997
COc1ccc(C(=O)O)cc1NC(=O)/C=C/c1ccc(-c2ccccc2)cc1,83.0,106.805
Cc1nc2ccc(COc3ccc4c(c3)c(SC(C)(C)C)c(CC(C)(C)C(=O)O)n4Cc3ccc(Cl)cc3)cc2s1,6.0,5.175525
Cl.O=S(=O)(CCCOc1ccc2[nH]c3nc(O)nc-3cc2c1)C1CCN(Cc2ccc(F)cc2)CC1,0.02,0.12703499999999981
COc1ccc(C(=O)/C=C/c2ccc(N(C)C)cc2)cc1OC,100.0,112.0
OC1CCN(CCOc2ccc(Cc3ccccc3)cc2)C1,190.0,173.39
CC(C#Cc1ccc(Oc2ccc(F)cc2)o1)N(O)C(N)=O,100.0,120.8525
COC(=O)c1cc2c(cc1C(=O)OC)[C@@]1(C)CCC[C@](C)(C(=O)N3CCOCC3)C1C=C2,110.0,122.14274999999999
NCCCC[C@H](NC(=O)[C@@H]1CCCN1C(=O)[C@H](Cc1ccccc1)NC(=O)[C@H](CC(=O)O)NC(=O)CNC(=O)[C@H](CCCN=C(N)N)NC(=O)[C@H](CO)NC(=O)c1ccccc1N=C(N)N)C(=O)[C@@H]1CCCN1C(=O)[C@H](Cc1ccccc1)NC(=O)[C@H](CC(=O)O)NC(=O)CNC(=O)[C@H](CCCN=C(N)N)NC(=O)[C@H](CO)NC(=O)c1ccccc1N=C(N)N,87.0,106.52660000000002
O=C(C1COc2ccc(O)cc2O1)N1CCN(C(c2ccc(F)cc2)c2ccc(F)cc2)CC1,200.0,172.24805
COc1ccc2c(Cc3c(Cl)cncc3Cl)nnc(Oc3ccccc3)c2c1,166.0,157.36
CCCS(=O)(=O)c1cc(C2CC[C@@H](c3cc(OC)c(OC)c(OC)c3)O2)cc(OC)c1OCCS(=O)(=O)c1ccccc1,0.78,1.2625780500000001
C=CCc1c2c(cc(C(=O)OC)c1C(=O)OC)[C@@]1(C)CCC[C@](C)(C(=O)OC)C1CC2,200.0,173.82
CN1CCC(O)(c2nc(-c3ccc(F)cc3)c(-c3ccncc3)o2)CC1,180.0,168.7625
CCC/C(C[C@H]1CCc2c(cccc2OCC(=O)O)C1)=N\OC(c1ccccc1)c1ccccc1,130.0,131.91
CNCSC[C@H](NC(=O)[C@H]1CSCC(=O)N[C@@H](Cc2ccc(O)cc2)C(=O)N[C@H](CSCCCN)C(=O)NCC(=O)N[C@H](CC(=O)O)C(=O)N1)C(=O)NCC(=O)N[C@@H](CC(=O)O)C(=O)N[C@@H](Cc1ccccc1)C(=O)N[C@@H](CCCCN)C(=O)N[C@@H](CSCNC(C)=O)C(=O)NCC(=O)N[C@@H](CSCNC(C)=O)C(N)=O,170.0,154.10765
CC(C)(C)Sc1c(CC(C)(C)C(=O)O)n(Cc2ccc(Cl)cc2)c2ccc(OCc3ccncc3)cc12,6.0,4.85335
c1ccc(CC(Nc2nc3ccccc3s2)c2ccccc2)cc1,170.0,161.77
CCCc1c(OCCCOc2ccc(-c3cscn3)c(OC)c2CCC)ccc2c1OC(C(=O)O)CC2,90.0,98.63
O=C(O)CN1CCC2(CCC(C(=O)N3CCN(c4ccncc4)CC3)CC2)CC1,117.0,126.415
O=C(CN1CCc2ccc(N3CCNCC3)cc2C1=O)NCC(NS(=O)(=O)c1ccccc1)C(=O)O,140.0,139.4761
O=C(O)CCc1cccc2c1CCC(NS(=O)(=O)c1ccc(Cl)cc1)C2,110.0,120.44575
COc1cc(C(=O)N(C(C)C)C(C)C)ccc1OCCCCCOc1ccc(C(=N)N)cc1,2.0,1.9066329499999997
COCc1cc(-c2ccccc2)c2ccc(OCc3cccc(C4(O)CCOCC4)c3)cc2c1,4.0,3.4337125
FC(F)(F)c1nc(-c2ccc(Cl)cc2)c(-c2ccc(Cl)cc2)s1,0.032,0.7864670082999997
CN1CCC(c2cc(-c3ccc(F)cc3Cl)c3c(c2)N(c2c(Cl)cccc2Cl)C(=O)NC3)CC1,1.3,1.7834000000000043
Nc1cccc2c1CN(C1CCC(=O)NC1=O)C2=O,100.0,115.975
Cl.O=C(NCCCOc1ccc2[nH]c3nc(O)nc-3cc2c1)N1CCN(CC2CCCCC2)CC1,0.072,0.08203999999999975
CN(C)CCNC(=O)c1ccc(NCCN(C)C)c2c(O)c3cc([N+](=O)[O-])ccc3nc12,190.0,166.265
N=C(N)Nc1ccc(C(=O)NCCC(=O)N[C@@H](CC(=O)O)C(=O)N[C@H](Cc2ccc(O)cc2)C(=O)O)cc1,190.0,172.10775
O=C1OCc2c1cc1cc(OCc3cccc(C4(O)CCOCC4)c3)ccc1c2-c1ccoc1,2.0,2.392785
c1ccc(-c2nnsc2-c2ccc3c(c2)OCO3)cc1,3.2,2.796375699999997
CCCCCCc1ccc(N/C=N/O)cc1,4.9,4.06544259999999
CC(=O)NCSC[C@H](NC(=O)CNC(=O)CNC(=O)[C@H]1CSCC(=O)N[C@@H](Cc2ccc(O)cc2)C(=O)N[C@H](CSCCCN)C(=O)NCC(=O)N[C@H](CC(=O)O)C(=O)N1)C(=O)NCC(=O)N[C@@H](CSCNC(C)=O)C(=O)NCC(=O)NCC(=O)N[C@@H](CSC1CC(=O)[N+]2(COC2)C1=O)C(N)=O,90.0,110.455
COc1ccc(NC(=O)c2coc(C3C4CCC(O4)C3Cc3ccccc3CCC(=O)O)n2)cc1,6.0,5.091519999999999
O=c1c2cccc3c2c(nn1-c1ccccc1[N+](=O)[O-])-c1ccccc1-3,5.0,4.00068
COc1ncc([C@H](CC(=O)O)NC(=O)[C@@H]2CCCN(C(=O)CCC3CCNCC3)C2)cc1Cl,90.0,109.93833333333332
c1cc(Nc2nccc(-c3cccs3)n2)cc(OCCn2ccnc2)c1,100.0,134.23
CC(C)(C)Sc1c(CC(C)(C)C(=O)O)n(Cc2ccc(Cl)cc2)c2ccc(OCc3ccc4cc(F)ccc4n3)cc12,2.0,2.6544016999999998
N/C(=N/Cc1ccccc1)c1ccc(C2=NOC(CC(=O)NCCC(=O)O)C2)cc1,200.0,141.54925
CC(C)(C)Sc1c(CC(C)(C)C(=O)O)n(Cc2ccc(Cl)cc2)c2ccc(OCc3cc4ccccc4cn3)cc12,3.0,3.1579166666666665
Cl.Oc1nc2cc3cc(OCCCc4nnnn4C4CCN(CC5CCCC5)CC4)ccc3[nH]c-2n1,0.009,0.10423900000000018
CCc1cc2cc(C(=O)C3CCC(OC)CC3)ccc2nc1CC,92.0,99.18
O=C1OCc2c1cc1cc(OCc3cccc(C4(O)CCOCC4)c3)ccc1c2-c1ccc(F)cc1,3.0,2.9970017
COc1nc(N)nc2c1ncn2C1CC(O)C(CO)S1,2.5,2.105556
Cl.O=S(=O)(CCCOc1ccc2[nH]c3nc(O)nc-3cc2c1)N1CCN(c2nc3ccccc3s2)CC1,4.88,3.538735999999998
COc1ccc(CCCCCCCCOc2ccc(CSCc3cccc(C(=O)O)c3)nc2/C=C/C(=O)O)cc1,131.0,128.27
O=C(CNC(=O)c1cnc(NC(=O)NCc2ccccc2)o1)NC[C@H](NC(=O)OCc1ccccc1)C(=O)O,0.5,1.1320438999999993
CCNc1ccc(-c2nnsc2-c2ccc(NCC)cc2)cc1,3.2,2.514894049999994
O=C1OCc2c1cc1cc(OCc3cccc(C4(O)CCOCC4)c3)ccc1c2-c1ccccc1,2.0,2.4
N#Cc1cc(-c2ccccc2)c2ccc(OCc3cccc(C4(O)CCOCC4)c3)cc2c1,3.0,2.927
Cn1c(COc2ccc(C(C)(CCC(=O)[O-])c3ccc(OCc4ccc5ccccc5n4)cc3)cc2)nc2ccccc21.[Na+],90.0,102.875
C#CCN(Cc1ccc2nc(C)[nH]c(=O)c2c1)c1ccc(C(=O)N[C@@H](C[C@H](F)C(=O)O)C(=O)O)cc1,5.67,4.461556008299991
Cn1cnc(S(=O)(=O)N[C@@H](CNC(=O)CC2CC(c3ccc(C(=N)N)cc3)=NO2)C(=O)O)c1.O=C(O)C(F)(F)F,110.0,125.68166666666666
COc1ccc2c(n1)CCN(C(=O)[C@H]1C[C@@H](CC(=O)O)C1)[C@H]2C(=O)Nc1cc(F)c2c(c1)CCC2(C)C,120.0,127.20110000000001
Cc1ccc(-c2nc(-c3ncoc3-c3cccc(OCC(=O)O)c3)oc2-c2ccc(C)cc2)cc1,100.0,113.5075
O=C(Nc1ccc(-n2nc(C(F)(F)F)cc2Cl)cc1)c1ccncc1F,158.0,158.79
CCCCc1ccc2nc(NC(Cc3ccc(Cl)cc3)C(=O)OCC)sc2c1,180.0,162.64
CCC(CC)CN1CCC(n2nnnc2CCCOc2ccc3[nH]c4nc(O)nc-4cc3c2)CC1.Cl,0.012,0.02610644999999991
Cl.O=S(=O)(CCCOc1ccc2[nH]c3nc(O)nc-3cc2c1)C1CCN(Cc2cccc(C(F)(F)F)c2)CC1,0.038,0.40776499999999866
O=C(O)C[C@@H](NC(=O)[C@@H]1CCCN(C(=O)CCC2CCNCC2)C1)c1cccs1,90.0,110.85833333333332
COc1ccc(/C=C/CCCCOc2ccc(C(=O)c3cccc(C(=O)O)c3)cc2CCC(=O)O)cc1,100.0,113.505
O=C(O)CCNC(=O)c1cc2c(s1)CCN(CCC1CCNCC1)C2=O,150.0,148.09
O=[N+]([O-])c1ccc(NN=C(c2ccccc2O)c2ccccc2O)c([N+](=O)[O-])c1,5.0,4.195971758299998
O=C(O)CCC/C=C\C[C@H]1CCC[C@@H]1NS(=O)(=O)c1ccccc1,150.0,151.675
CC(C)COC(=O)N[C@@H](CCC(=O)N1CCN(c2cccc(NC3=NCC(O)CN3)c2)CC1)C(=O)O,2.0,1.8796500000000007
O=C(O)CCCCCCc1cnccc1CCNS(=O)(=O)c1ccc(Cl)cc1,94.0,118.085
CCCc1c(OCCCOc2ccc(C(=O)NC)c(OC)c2CCC)ccc2c1OC(C(=O)O)CC2,1.3,1.3405950000000033
CCCNC(=N)c1ccc(C2=NOC(CC(=O)NCCC(=O)O)C2)cc1,120.0,121.34166666666665
O=C(c1cc(-c2ccc(F)cc2Cl)c2c(c1)N(c1c(Cl)cccc1Cl)C(=O)NC2)N1CCNCC1,3.8,3.2457883333333304
COc1ccc2c(Nc3c(Cl)cncc3Cl)nncc2c1OC1CCCC1,187.0,170.01
CNC(=O)OCc1c2c(n(C)c1COC(C)=O)C(=O)C(C)=C(N1CC1)C2=O,0.035,0.4839259999999985
CC(=O)N[C@@H](CCCCN)C(=O)N[C@@H](CC(C)C)C(=O)N[C@@H](Cc1ccc(O)cc1)C(=O)N[C@@H](CC(=O)O)C(=O)O,1.2,1.2927399499999976
C=C1c2cc(C)c(C(=O)N=C(N)N)cc2S(=O)(=O)C1(C)C,114.0,115.545
N=C(N)c1ccc(C2=NOC(CC(=O)NC[C@H](NS(=O)(=O)c3ccc4ccccc4c3)C(=O)O)C2)cc1.O=C(O)C(F)(F)F,140.0,132.41166666666666
CC(C)c1ccc2oc(NC(Cc3cccc(Cl)c3)c3ccccn3)nc2c1,5.0,4.103931599999999
CCCCC[C@H](O)/C=C/[C@@H]1[C@H]2C/C(=C/CCCC(=O)O)O[C@H]2C[C@H]1O,0.66,0.5680420833333321
COc1ccc(-c2ccc(C(N)=O)nc2)cc1O[C@H]1CC2CCC1C2,140.0,150.2
CCCCCC(NC(=O)c1ccc(C(=N)N)cc1)C(C)(C)C(=O)N1CCC(CC(=O)O)CC1,160.0,154.12775
c1csc(-c2nnsc2-c2cccs2)c1,3.2,2.9578874333333323
CCN(CC)CCOc1ccc(Nc2nccc(-c3cccnc3)n2)cc1,200.0,191.945
CC(C)N1CCC(c2cc(-c3ccc(F)cc3Cl)c3c(c2)N(c2c(Cl)cccc2Cl)C(=O)NC3)CC1,5.6,4.566901666666677
O=C(O)COc1ccc(C(=O)CNC(=O)c2cc3c(s2)CCNCC3)cc1OCC(=O)O,150.0,150.015
O=C(O)CCc1cc(Cc2ccccc2)cc2c1CCC(NS(=O)(=O)c1ccc(Cl)cc1)C2,6.0,4.9712176
C[C@H](Nc1cc(-c2[nH]c(C3(O)CCN(C)CC3)nc2-c2ccc(F)cc2)ccn1)c1ccccc1,3.0,2.631450100000001
CC(C)(Cc1ccccc1CC1C2CCC(O2)C1c1nc(C(=O)NCCCCC2CCCCC2)co1)C(=O)O,4.0,3.6146684
CCc1cc2cc(C(=O)C3COc4ccccc4O3)ccc2nc1C,98.0,107.545
CCC(CC)CN1CCC(S(=O)(=O)CCCCOc2ccc3[nH]c4nc(O)nc-4cc3c2)CC1.Cl,0.021,0.051907000000000106
Cc1c2oc3c(C)ccc(C(=O)N[C@@H]4C(=O)N[C@H](C(C)C)C(=O)N5CCC[C@H]5C(=O)N(C)CC(=O)N(C)[C@@H](C(C)C)C(=O)O[C@@H]4C)c3nc-2c(C(=O)N[C@@H]2C(=O)N[C@H](C(C)C)C(=O)N3CCC[C@H]3C(=O)N(C)CC(=O)N(C)[C@@H](C(C)C)C(=O)O[C@@H]2C)c(N)c1=O,4.5,3.541194999999999
CCN(CC)c1ccc2cc(C(=O)Nc3ccc4[nH]c(C(=O)N5C[C@@H](CCl)c6c5cc(OC(=O)Nc5ccccc5)c5[nH]cc(C)c65)cc4c3)oc2c1,0.0002,0.7733181000000025
Cc1ccc(S(=O)(=O)N[C@@H](CNC(=O)c2cc3cc(OCC4CCNCC4)ccc3[nH]2)C(=O)O)cc1,6.0,4.8434016999999985
CCCCOC(=O)N[C@@H](CNC(=O)C[C@@H]1C[C@H](c2ccc(C(=N)N)cc2)N(C)O1)C(=O)O.Cl,164.0,159.7960833333333
O=C(O)Cc1cccc(CCC2C3CCC(O3)C2c2nc(C(=O)NCCCCC3CCCCC3)co2)c1,146.0,141.18
CCOc1ccc(C(=O)O)cc1NC(=O)/C=C/c1ccc(-c2ccccc2)cc1,173.0,156.795
CC(=O)NCSC[C@H](NC(=O)CNC(=O)CNC(=O)[C@H]1CSCC(=O)N[C@@H](Cc2ccc(O)cc2)C(=O)N[C@H](CSCCCN)C(=O)NCC(=O)N[C@H](CC(=O)O)C(=O)N1)C(=O)NCC(=O)N[C@@H](CSCNC(C)=O)C(=O)NCC(=O)NCC(=O)N[C@@H](CSCC(=O)CC(=O)N[C@@H](CCCCN)C(=O)N[C@@H](CCCCN)C(=O)NCC(=O)N[C@@H](CS)C(=O)O)C(N)=O,110.0,117.1383
CC(C)CC(=O)N[C@@H](CCCNC(=O)Cc1ccc(C(=N)N)cc1)CC(=O)O,100.0,115.26950000000001
c1ccc(Cc2ccc(OCCn3cncc4ncnc3-4)cc2)cc1,140.0,139.33
O=[N+]([O-])c1ccc(/N=N/c2c3ccccc3c3c4c(cccc24)NN3)c([N+](=O)[O-])c1,5.0,4.386589999999999
CC(COc1ccc2c(c1)c(SC(C)(C)C)c(CC(C)(C)C(=O)O)n2Cc1ccc(Cl)cc1)c1ccccn1,4.0,3.0233333333333325
Cn1cc(NC(=O)c2cc(NC(=O)c3cc(NC(=O)c4ccc(N(CCCl)CCCl)cc4)cn3C)cn2C)cc1C(=O)NCCC(=N)N,0.395,0.9583887000000018
COc1cc2c(c(C)c1OC)CCC(=O)C2C,0.19,0.699780999999999
OC1(c2cccc(COc3ccc4c(-c5ccoc5)cc(C5=NCCS5)cc4c3)c2)CCOCC1,2.0,2.2586499999999994
Cl.Oc1nc2cc3cc(OCCCc4nnnn4C4CCN(Cc5ccccc5)CC4)ccc3[nH]c-2n1,0.039,0.11390545000000026
O=C(O)c1cc(-c2ccccc2)c2ccc(OCc3cccc(C4(O)CCOCC4)c3)cc2c1,190.0,169.34833333333333
CCC(CC)CN1CCC(S(=O)(=O)CCCOc2ccc3[nH]c4nc(O)nc-4cc3c2)CC1.Cl,0.039,0.06584249999999985
CCCCS(=O)(=O)NC(CCCc1ccc2[nH]c(=O)n(CCC3CCNCC3)c(=O)c2c1)C(=O)O,160.0,153.615
COc1cccc(-c2c3c(cc4cc(OCc5cccc(C6(O)CCOCC6)c5)ccc24)C(=O)OC3)c1,4.0,3.4938499999999992
c1ccc(-c2nc(-c3ncoc3-c3cccc(OCc4nn[nH]n4)c3)oc2-c2ccccc2)cc1,130.0,136.805
CCCN(CC1CC1)c1nc(C)nc(Nc2c(Cl)cc(Cl)cc2Cl)c1Cl,100.0,118.725
CCN1CC/C(=C\c2cc(C(C)(C)C)c(O)c(C(C)(C)C)c2)C1=O,150.0,143.74
N=C(N)c1ccc(C(=O)Nc2ccc3c(c2)CCC(CC(=O)O)O3)cc1,190.0,178.895
N=C(N)c1ccc(C(=O)Nc2ccc3c(c2)CCC(CC(=O)O)C3=O)c(F)c1,100.0,121.1
CCOC(=O)C(Cc1ccccc1)Nc1nc2cc(C(C)C)ccc2o1,0.5,1.29388845
CO/N=C(\C)c1ccc(Sc2cc(F)cc(C3CCOCC3)c2)cc1,110.0,119.465
COC1(c2cccc(COc3ccc4c(-c5ccccc5)c5c(cc4c3)C(=O)OC5)c2)CCOCC1,1.5,1.861900999999999
CC(C)(C)OC(=O)N[C@H](CCCN)C(=O)Nc1ccc(C(=O)O)c(-c2ccc(O)cc2)c1,1.1,0.9902299499999981
Fc1ccc(-c2nc(C3CCNCC3)cn2-c2ccnc(NC3CCCCC3)n2)cc1,0.8,1.1920590000000024
Cl.O=C(NCCCOc1ccc2[nH]c3nc(O)nc-3cc2c1)N1CCN(Cc2ccccc2)CC1,0.31,0.2684900000000003
O=C(O)COc1cccc(-c2ncoc2-c2nc(-c3ccccc3)c(-c3ccccc3)o2)c1,160.0,150.725
CCC(OC)(c1cccc(COc2ccc3c(-c4ccccc4)c4c(cc3c2)C(=O)OC4)c1)c1nccs1,4.8,3.9099019999999958
O=C1OCc2c1cc1cc(OCc3cccc(C4(O)CCOCC4)c3)ccc1c2-c1ccsc1,2.0,2.2935
Cl.O=S(=O)(CCCOc1ccc2[nH]c3nc(O)nc-3cc2c1)N1CCN(Cc2ccc(F)cc2)CC1,0.28,0.3773575000000007
COC(=O)c1cc(CO/N=C(\C)c2ccc(Sc3cc(F)cc(C4CCOCC4)c3)cc2)on1,100.0,113.01
Cc1ccc(S(=O)(=O)NCC(CCCCCC(=O)O)c2cccnc2)cc1.Cl,200.0,183.89108333333334
COC(=O)[C@@]1(C)CCC[C@]2(C)c3cc(C(=O)ON(C)C)c(C(=O)ON(C)C)cc3C=CC12,3.0,2.4129845
O=C(O)C[C@H](NC(=O)[C@@H]1CCCN(C(=O)CCC2CCNCC2)C1)c1ccc(-c2ccsc2)nc1,200.0,178.2275
O=C1NCc2c(-c3ccc(F)cc3Cl)cc(CN3CCNCC3)cc2N1c1c(Cl)cccc1Cl,0.7,1.4684833333333296
COC(=O)[C@@]1(C)CCC[C@]2(C)c3cc(O)c(N)cc3C=C[C@@H]12,150.0,136.415
O=C(O)CCC/C=C\C[C@H]1/C(=N/OCc2ccc(C(F)(F)F)cc2)CC[C@@H]1NS(=O)(=O)c1ccc(Cl)cc1,200.0,183.76055
O=C(O)CCc1ccccc1CC1C2CCC(O2)C1/C=N/NC(=O)Nc1ccccc1,3.0,2.9511439999999998
CCN(C/C=C/C#CC(C)(C)C)Cc1cccc(OCC(CC)(CC)OCc2ccsc2)c1,120.0,127.2
CCCCC[C@H](O)/C=C/[C@H]1[C@H](O)CC(=O)[C@@H]1CCCCCCC(=O)O,0.0136,0.21134391666666616
CC(C)(C)Sc1c(CC(C)(C)C(=O)O)n(Cc2ccc(Cl)cc2)c2ccc(OCc3ccc4cccnc4n3)cc12,6.0,5.1254
COC(=O)c1cc2c(cc1C(=O)OC)[C@@]1(C)CCC[C@](C)(C(=O)O)C1C=C2,110.0,119.05
CC(C)CN1CCC(S(=O)(=O)CCCOc2ccc3[nH]c4nc(O)nc-4cc3c2)CC1.Cl,0.027,0.13785500000000017
COC(=O)c1cc2c(c(C)c1C(=O)OC)C=CC1[C@@](C)(C(=O)OC)CCC[C@]21C,140.0,139.56
O=C1NCc2c(-c3ccc(F)cc3F)cc(C3CCNCC3)cc2N1c1c(Cl)cccc1Cl,1.3,1.873483333333338
CN1CCN(c2ccc3c(n2)nc(-c2ccc(F)cc2)n3-c2ccnc(NC3CCCC3)n2)CC1,1.0,1.2706975
O=C(O)CCc1ccccc1CC1C2CCC(O2)C1c1nc(C(=O)NCCCCC2CCCCC2)co1,2.0,2.478925
Cc1csc2ncnc(N[C@@H](C)c3ccccc3)c12,130.0,134.785
CO[C@@H]1C[C@H](C[C@@H](C)[C@@H]2CC(=O)[C@H](C)/C=C(\C)[C@@H](O)[C@@H](OC)C(=O)[C@H](C)C[C@H](C)/C=C/C=C/C=C(\C)[C@H](N(O)C(=O)OCC(C)C)C[C@@H]3CC[C@@H](C)[C@@](O)(O3)C(=O)C(=O)N3CCCC[C@H]3C(=O)O2)CC[C@H]1O,196.0,163.89905
Cc1c[nH]c2c1[C@@]13C[C@@H]1CN(C(=O)c1cc4cc(NC(=O)c5cc6ccccc6o5)ccc4[nH]1)C3=CC2=O,0.00034,1.0213749999999981
CC(=O)c1ccc2c(/N=N/c3ccc([N+](=O)[O-])cc3[N+](=O)[O-])c3cccc(C(C)=O)c3c(O)c2c1,0.3,1.4441867000000033
Cl.O=S(=O)(CCCCOc1ccc2[nH]c3nc(O)nc-3cc2c1)C1CCN(Cc2ccc(F)cc2)CC1,0.067,0.14427900000000016
Cc1ccncc1CCCC(CCCCNS(=O)(=O)c1ccc(Cl)cc1)CCC(=O)O,6.0,5.36575
CN1Cc2cc(C(=O)N3CCC(C4CCNCC4)CC3)ccc2NC(CC(=O)O)C1=O,106.0,113.4
Cc1ccc(S(=O)(=O)N[C@H]2CC/C(=N\OCc3ccc(C(F)(F)F)cc3)[C@@H]2C/C=C\CCCC(=O)O)cc1,180.0,176.7
C[C@@H](COc1ccc2c(c1)c(SC(C)(C)C)c(CC(C)(C)C(=O)O)n2Cc1ccc(Cl)cc1)c1ccccn1,2.0,3.0233333333333325
CC(C)(C)Sc1c(CC(C)(C)C(=O)O)n(Cc2ccc(Cl)cc2)c2ccc(OCc3ccc4cnccc4n3)cc12,3.0,3.47
Cc1cc(COc2ccc(NC(=O)[C@H]3CCN(C(=O)c4ccco4)C[C@@H]3C(=O)NO)cc2)c2ccccc2n1,170.0,156.44055
CC[C@@H]1/C=C(\C)C[C@H](C)C[C@H](OC)[C@H]2O[C@@](O)(C(=O)C(=O)N3CCCC[C@H]3C(=O)O[C@H](/C(C)=C/C3CC[C@@H](OCC(N)=O)[C@H](OC)C3)[C@H](C)[C@@H](O)CC1=O)[C@H](C)C[C@@H]2OC,0.13,0.3276125000000002
O=C(O)CCc1c(-c2ccccc2)ccc2c1CCC(NS(=O)(=O)c1ccc(Cl)cc1)C2,120.0,123.175
O=C(O)CCc1c(Cc2ccccc2)ccc2c1CCC(NS(=O)(=O)c1ccc(Cl)cc1)C2,86.0,104.97
Cl.O=S(=O)(CCCOc1ccc2[nH]c3nc(O)nc-3cc2c1)N1CCN(CCc2ccccc2)CC1,1.04,0.7936750000000005
Cl.O=S(=O)(CCCOc1ccc2[nH]c3nc(O)nc-3cc2c1)C1CCN(CCC2CCCCC2)CC1,0.048,0.1733249999999997
COc1ccc2c(Cc3c(Cl)c[n+]([O-])cc3Cl)nnc(-c3nccs3)c2c1,3.0,2.6802097000000003
CC[C@H](Nc1ncnc2ccccc12)c1ccccc1,147.0,141.81
C#C[C@H](CC(=O)O)NC(=O)CN1CCc2ccc(-c3ccncc3)cc2C1=O,160.0,151.735
Cc1ccccc1S(=O)(=O)N[C@@H](CNC(=O)C[C@H]1CC(c2ccc(C(=N)N)cc2)=NO1)C(=O)O.O=C(O)C(F)(F)F,130.0,119.56833333333329
COc1ccc(-c2csnn2)cc1,3.2,2.8833433082999984
N=C(N)c1ccc(NC(=O)c2ccc3c(c2)NC(CC(=O)O)C(=O)N(CCc2ccccc2)C3)cc1,150.0,148.975
CC[C@@H]1/C=C(\C)C[C@H](C)C[C@H](OC)[C@H]2O[C@@](O)(C(=O)C(=O)N3CCCC[C@H]3C(=O)O[C@H](/C(C)=C/C3CC[C@@H](OCC(=O)Nc4cccc(F)c4)[C@H](OC)C3)[C@H](C)[C@@H](O)CC1=O)[C@H](C)C[C@@H]2OC,0.16,0.17303999999999997
O=C(O)C[C@H](NC(=O)[C@@H]1CCCN(C(=O)/C=C/C2CCNCC2)C1)c1cccnc1,160.0,149.60555
COc1ccc2c(Cc3c(Cl)cncc3Cl)nncc2c1OCCCCCc1ccccc1,83.0,104.645
Cc1cc2c(cc1C(=O)N=C(N)N)S(=O)(=O)CC2(C)O,115.0,128.74
Cl.O=C(NCCCOc1ccc2[nH]c3nc(O)nc-3cc2c1)N1CCN(CCC2CCCCC2)CC1,0.072,0.08283499999999971
CCc1cc(-c2ccc(F)cc2)c(O)cc1OCCCOc1ccc(C#CCCC(=O)O)cc1CCC(=O)O,4.7,3.6459275000000044
CCC(C)c1ccc(N/C=N/O)cc1,3.0,2.827575999999999
CCCC[C@H](C)C[C@H](O)/C=C/[C@@H]1[C@H]2C[C@H](CCOCC(=O)O)C[C@H]2C[C@H]1O,0.0125,0.6443806000000003
CC(=O)Oc1ccccc1C(=O)OCc1no[n+]([O-])c1C#N,6.166e-05,0.5861225712999997
CC1(c2ccc(NC(=N)N)cc2)NC(=O)N(CC(=O)N[C@@H](CC(=O)O)C(=O)N[C@H](C(=O)O)c2ccccc2)C1=O,150.0,158.285
CCCCCCCCCCCCCC(=O)O[C@@]12[C@H](OC(C)=O)[C@@H](C)[C@@]3(O)[C@@H](C=C(CO)C[C@]4(C)C(=O)C(C)=C[C@@H]34)[C@@H]1C2(C)C,2.0,1.8726816999999998
CC(C)(C)Sc1c(CC(C)(C)C(=O)O)n(Cc2ccc(Cl)cc2)c2ccc(OCc3cnccn3)cc12,4.0,3.60505
O=C(O)COc1cccc(-c2ocnc2-c2nc(-c3ccccc3)c(-c3ccccc3)s2)c1,150.0,149.17
CCc1cc(-c2ccc(F)cc2)c(O)cc1OCCCOc1ccc2c(=O)c3cc(C(=O)O)ccc3oc2c1CCC(=O)O,1.2,1.783244999999996
C=C1/C(=C\C=C2/CCC[C@]3(C)C([C@@H](C)COc4ccc(C(C)(C)O)cc4)CC[C@@H]23)C[C@@H](O)C[C@@H]1O,0.11,0.8796167000000027
CCc1cc(-c2ccc(F)cc2)c(O)cc1OCCCOc1cccc(Oc2ccc(C(=O)O)cc2)c1CCC(=O)O,2.6,2.5681439000000057
CCCCC[C@H](O)CCC1C(=O)C[C@H](O)[C@@H]1CCCCCCC(=O)O,3.2,2.0974917499999948
Cl.O=S(=O)(CCCOc1ccc2[nH]c3nc(O)nc-3cc2c1)N1CCN(Cc2ccccc2)CC1,0.13,0.3287744500000004
O=C(CCCOc1ccc2[nH]c3nc(O)nc-3cc2c1)N1CCN(CC2CCCCC2)CC1,100.0,113.89775
O=C(O)CSC(CCCCNS(=O)(=O)c1ccc(Cl)cc1)CCCc1cccnc1,6.0,5.049400499999999
CCCCC[C@H](O)C/C=C1/C(=O)C[C@H](O)[C@@H]1C/C=C\CCCC(=O)O,0.1,0.33060029166666705
Cc1ccccc1S(=O)(=O)N[C@@H](CNC(=O)C[C@@H]1CC(c2ccc(C(=N)N)cc2)=NO1)C(=O)O.O=C(O)C(F)(F)F,110.0,119.56833333333329
Cl.Oc1nc2cc3cc(OCCCc4nnnn4C4CCN(Cc5ccc(F)cc5)CC4)ccc3[nH]c-2n1,0.032,0.3590249999999988
CCCc1c2c(cc(C(=O)OC)c1C(=O)OC)[C@@]1(C)CCC[C@](C)(C(=O)OC)C1C=C2,110.0,126.195
COc1ccc(O)c(CCc2ccccc2)c1,120.0,124.8925
COc1cc2c(c(C)c1OC)C=CC1=C(C)C(=O)CCC12C,0.1,0.5962784999999989
CC(=O)NCSC[C@H](NC(=O)CNC(=O)CNC(=O)[C@H]1CSCC(=O)N[C@@H](Cc2ccc(O)cc2)C(=O)N[C@H](CSCCCN)C(=O)NCC(=O)N[C@H](CC(=O)O)C(=O)N1)C(=O)NCC(=O)N[C@@H](CSCNC(C)=O)C(=O)NCC(=O)NCC(=O)N[C@@H](CSC1CC(=O)[N+]2(CCCCCC2)C1=O)C(N)=O,140.0,131.015
O=C(O)CCC/C=C\c1c(Cc2cccnc2)ccc2c1CCC(NS(=O)(=O)c1ccc(Cl)cc1)C2,160.0,143.49
N=C(N)c1ccc(C(=O)Nc2ccc3c(c2)CCN(CC(=O)O)C3)cc1,170.0,164.32
CO[C@H]1CC[C@@H](C(=O)c2ccc3nc4c(cc3c2)CCC4)CC1,85.0,94.22666666666667
COc1ccc(NS(=O)(=O)C(F)(F)F)cc1C[C@H]1[C@@H](O)c2cc(/C=C/c3ccc4ccc(Cl)cc4n3)ccc2OC1(C)C,0.2,1.2456276666666641
O=C(O)CCNC(=O)CN1CCc2ccc(N3CCNCC3)cc2C1=O,140.0,136.505
COc1ccc(-c2snnc2-c2ccco2)cc1,0.032,0.6652775999999986
O=C(O)CCCc1ccccc1CC1C2CCC(O2)C1c1nc(C(=O)NCCCCC2CCCCC2)co1,6.0,4.6927017
CCOC(=O)N[C@@H](CCC(=O)N1CCN(c2cccc(NC3=NCCCN3)c2)CC1)C(=O)O,2.1,2.1096910000000038
CC(=O)N[C@@H](Cc1ccccc1)C(=O)N[C@@H](CCCN)C(=O)N1CCC[C@H]1C(=O)N[C@H](CC1CCCCC1)C(=O)N[C@@H](Cc1c[nH]c2ccccc12)C(=O)N[C@H](CCCN=C(N)N)C(=O)O,190.55,162.51489999999978
CCCOc1ccc(N/C=N/O)cc1,3.5,3.2822399999999994
CC(C)=CCC[C@@H](C)[C@H]1CC[C@@]2(C(=O)O)C3=C(CC[C@]12C)[C@@]1(C)CC[C@H](O[C@@H]2OC[C@H](O)[C@H](O)[C@H]2O[C@@H]2O[C@H](CO)[C@H](O)[C@H](O)[C@H]2O)C(C)(C)[C@@H]1CC3,0.3,0.912183400000002
O=C(O)C[C@H](NC(=O)[C@@H]1CCN(C(=O)/C=C/C2CCNCC2)C1)c1cccnc1,140.0,137.32
N=C(N)c1ccc(CC(=O)N[C@H]2CCN([C@@H](CC(=O)O)C(=O)N[C@@H](CC34CC5CC(CC(C5)C3)C4)C(=O)O)C2=O)cc1.O=C(O)C(F)(F)F,100.0,118.935
CC(C)(Nc1ccc(C(Cc2cc[n+]([O-])cc2)c2ccc(OC(F)F)c(OC(F)F)c2)cn1)c1ccccc1,100.0,126.36
COc1ccc(C[C@H]2NC(=O)/C=C/C[C@@H]([C@H](C)[C@H]3O[C@@H]3c3ccccc3)OC(=O)[C@H](CC(C)C)OC(=O)C[C@@H](c3ccccc3)NC2=O)cc1Cl,0.94,1.2422974999999994
COc1ccc(-c2snnc2-c2ccc(OC)cc2OC)cc1,0.032,0.27044549999999906
O=C(O)C1(c2ccc3c(c2)OC[C@H](Cc2ccc(-c4ccccc4)cc2)[C@H]3O)CCCC1,5.0,3.9336778083
COc1ccc(C[C@H]2NC(=O)/C=C/C[C@@H]([C@H](C)[C@H]3O[C@@H]3c3ccccc3)OC(=O)[C@H](CC(C)C)OC(=O)[C@H](C)CNC2=O)cc1Cl,0.24,0.4040824999999999
CN(CCCCC1CCCCC1)C(=O)c1coc(C2C3CCC(O3)C2Cc2ccccc2CCC(=O)O)n1,2.0,2.3438333333333334
O=C(O)CCc1ccccc1CC1C2CCC(O2)C1c1nc(C(=O)NCCCCc2ccccc2)co1,4.0,3.7811000000000003
CC(C)(C)C(=O)OCn1nnc(-c2cccc(O)c2C(=O)c2c(O)cc(C(=O)O[C@@H]3CCC[C@H]3NC(=O)c3ccc(O)cc3)cc2O)n1,150.0,148.605
Cl.O=S(=O)(CCCOc1ccc2[nH]c3nc(O)nc-3cc2c1)C1CCN(CC2CCCCC2)CC1,0.03,0.034747500000000035
COc1ccc([C@H](Cc2ccncc2)c2ccc(NS(=O)(=O)c3c(F)c(F)c(F)c(F)c3F)cc2)cc1OC1CCCC1,140.0,141.48388333333335
c1ccc(-c2cnns2)cc1,3.2,3.130950000000001
CCN(CC)CCCCNc1nc2cc(Cl)c(Cl)cc2nc1-c1ccc(-c2cccs2)s1,170.0,155.64
Cc1cc2c(cc1C(=O)N=C(N)N)S(=O)(=O)C(C)(C)C2(C)O,102.0,111.68
CN(C(=O)CCCOc1ccc2c(c1)CN1CC(=O)NC1=N2)C1CCCCC1,110.0,113.765
COc1ccc(-c2nc(C(C)(C)CO)sc2-c2ccc(OC)cc2)cc1,0.0032,0.1555474999999998
CCC(CC)CN1CCN(C(=O)NCCCOc2ccc3[nH]c4nc(O)nc-4cc3c2)CC1.Cl,0.042,0.09538500000000008
COc1cc(-c2nn([C@H]3CC[C@H](N4CCN(C)CC4)CC3)c3ncnc(N)c23)ccc1NC(=O)c1cc2ccccc2[nH]1,6.0,5.168584999999999
C=C(Br)C(=O)Nc1cc(C(=O)Nc2cc(C(=O)Nc3cc(C(=O)Nc4cc(C(=O)NCCN=C(N)N)n(C)c4)n(C)c3)n(C)c2)n(C)c1.Cl,3.127,2.496023500000003
CCOc1ccc2nc(NC(=O)CS(=O)(=O)Nc3nc4ccc(OCC)cc4s3)sc2c1,180.0,166.66166666666663
CCN(C/C=C/C#CC(C)(C)C)Cc1cccc(OCC(C)(C)OCc2ccsc2)c1,5.4,4.286305449999991
COC(=O)CC1CC2CC1CN2CCOc1ccc(Cc2ccccc2)cc1,110.0,122.925
CC(CCCO)(c1ccc(OCc2ccc3ccccc3n2)cc1)c1ccc(OCc2ccc3ccccc3n2)cc1,130.0,130.505
Cc1ccc(S(=O)(=O)N[C@@H](CNC(=O)C2CCC3(CC2)CCN(c2ccncc2)CC3)C(=O)O)cc1,177.0,162.9988833333333
N#Cc1ccc(NC(=O)Nc2ccccc2Br)c(O)c1Br,0.79,1.3460574999999984
O=C1NCc2c(-c3ccccc3Cl)cc(N3CCNCC3)cc2N1c1c(Cl)cccc1Cl,2.9,2.7435634999999947
O=C1OCc2c1cc1cc(OCc3cccc(C4(O)CC5COC(C4)O5)c3)ccc1c2-c1ccccc1,6.0,4.756516
NCCCC[C@H](NC(=O)[C@H]1CSCC(=O)N[C@@H](Cc2ccc(O)cc2)C(=O)N[C@H](CSCCCN)C(=O)NCC(=O)N[C@H](CC(=O)O)C(=O)N1)C(=O)N[C@@H](CS)C(=O)NCC(N)=O,140.0,140.9198
CC(C)c1nnc2ccc(-c3c[nH]nc3-c3cc(F)ccc3F)cn12,180.0,173.63
N=C(N)c1ccc(C2=NOC(CC(=O)NC[C@H](NS(=O)(=O)c3cccc4nsnc34)C(=O)O)C2)cc1.O=C(O)C(F)(F)F,91.0,107.97166666666666
