canonical_smiles,MW,AMW
CS(=O)(=O)c1ccc(-n2cc(C(F)(F)F)nc2-c2cccnc2)cc1,367.38,9.92918918918918
COC(=O)c1cc(-c2ccccc2)c2ccc(OCc3cccc(C4(O)CCOCC4)c3)cc2c1,468.58,7.43777777777777
CC(C)c1ccc2c(c1)c(SC(C)(C)C)c(CC(C)(C)C(=O)O)n2Cc1ccc(Cl)cc1,472.14,7.15363636363636
CC1Cc2c(OCc3ccc(-c4ccccc4)cn3)ccc3c2c(c(CCOC(C)C(=O)NS(C)(=O)=O)n3Cc2ccc(Cl)cc2)S1,690.34,8.31734939759036
CCOc1cc(C2(C#N)CCN(CC(=O)NO)CC2)ccc1OC,333.43,7.09425531914893
CCCCOC(=O)N[C@@H](CNC(=O)C[C@H]1CC(c2ccc(C(=N)NCC)cc2)=NO1)C(=O)O,461.58,7.21218749999999
CCN(CC)CCCCNc1nc2cc(Cl)c(Cl)cc2nc1-c1ccc(-c2cccs2)s1,505.58,8.71689655172413
O=C(O)CCC/C=C\c1c(Cc2cccnc2)ccc2c1CCC(NS(=O)(=O)c1ccc(Cl)cc1)C2,525.11,8.07861538461538
CO[C@H]1CC[C@@H](C(=O)c2ccc3nc4c(cc3c2)CCCO4)CC1,325.44,6.92425531914893
CCCNc1nc(N)nc2c1ncn2C1CC(O)C(CO)S1,324.46,7.72523809523809
O=C(NC[C@H](NS(=O)(=O)c1ccccc1)C(=O)O)c1cc2cc(OCCC3CCNCC3)ccc2[nH]1,514.66,7.79787878787878
CCCOc1ccc(N/C=N/O)cc1,194.26,6.93785714285714
Cc1cc2c(cc1C(=O)N=C(N)N)S(=O)(=O)CC2(C)O,297.37,8.49628571428571
CCCCC[C@H](O)/C=C/[C@H]1[C@H](O)CC(=O)[C@@H]1CCCCCCC(=O)O,354.54,6.00915254237288
Cl.O=S(=O)(CCCCOc1ccc2[nH]c3nc(O)nc-3cc2c1)C1CCN(Cc2ccc(F)cc2)CC1,549.12,8.19582089552238
NS(=O)(=O)c1cccc(Nc2nccc(-c3cccnc3)n2)c1,327.4,9.09444444444444
CCCC(CCC)C(=O)N[C@@H](CC(=O)OC)C(=O)N1CCC[C@H]1C(=O)N[C@@H](CCCNC(=N)N)C(=O)c1nc2ccccc2s1,643.899999999999,7.15444444444444
C/C(=N\OCCSc1nnnn1C)c1ccc(Sc2cc(F)cc(C3CCOCC3)c2)cc1,487.68,8.2657627118644
CCOC(=O)COC1CCN(C(=O)[C@H](Cc2ccc(O)cc2)NC(=O)c2ccc(C(=N)N)cc2)CC1,496.62,7.30323529411764
COc1ccc(-c2ccc(C(N)=O)nc2)cc1OC1CCCC1,312.4,7.26511627906976
COc1ccc(-c2ccc(C(N)=O)nc2)cc1O[C@H]1CC2CCC1C2,338.44,7.20085106382978
CCCCC/C=C/C=C1/C(=O)C[C@H](O)[C@@H]1C/C=C\CCCC(=O)O,334.5,6.19444444444444
COc1ccc(NS(=O)(=O)c2c(F)c(F)c(F)c(F)c2F)cc1NC(=O)[C@@H](NC(C)=O)[C@@H](C)O,511.47,9.83596153846153
C/C(=N\OCC(O)CO)c1ccc(S(=O)(=O)c2cccc(C3CCOCC3)c2)cc1,433.57,7.60649122807017
CCOC(=O)CC1CCN(C(=O)C(C)(C)C(CC)NC(=O)c2ccc(C(=N)N3CCOCC3)cc2F)CC1,532.729999999999,6.74341772151898
CCOC(=O)CC1CCN(C(=O)C(C)(C)C(CC)NC(=O)c2ccc(C(=N)N3CCCC3)cc2F)CC1,516.729999999999,6.62474358974358
CCCc1cc2c(c(Br)c1O)CCO2,257.14,9.5237037037037
CC(C)(C)c1nnc2ccc(-c3ocnc3-c3cc(F)c(F)cc3F)cn12,372.38,8.86619047619047
CCCCOC(=O)N[C@@H](CNC(=O)C[C@@H]1C[C@H](c2ccc(C(=N)N)cc2)N(C)O1)C(=O)O.Cl,486.03,7.47738461538461
CC(C)c1ccc2oc(NC(CN3CCOCC3)c3ccccc3)nc2c1,365.52,6.76888888888888
O=C(O)CC[C@@H](CCCCNS(=O)(=O)c1ccc(Cl)cc1)CCOc1cccnc1,455.02,7.98280701754385
CC(=O)NCSC[C@H](NC(=O)CNC(=O)[C@H](CSCNC(C)=O)NC(=O)CNC(=O)[C@H](CCCCN)NC(=O)[C@H]1CSCC(=O)N[C@@H](Cc2ccc(O)cc2)C(=O)N[C@H](CSCCCN)C(=O)NCC(=O)N[C@H](CC(=O)O)C(=O)N1)C(N)=O,1246.66,7.89025316455696
CCNC(=N)c1ccc(C2=NO[C@@H](CC(=O)NC[C@H](NS(=O)(=O)c3cccc(C)c3)C(=O)O)C2)cc1,515.65,7.93307692307692
Oc1cc2c(cc1CCCOc1ccccc1)OCC2,270.35,7.11447368421052
N/C(=N/Cc1cccc(F)c1)c1ccc(C2=NOC(CC(=O)NCCC(=O)O)C2)cc1,426.49,7.89796296296296
CCCC(=O)Nc1ccc(OC(=O)c2ccncc2)cc1,284.34,7.68486486486486
CCC(OCCc1c2c3c(c(OCc4ccc(-c5ccccc5)cn4)ccc3n1Cc1ccc(Cl)cc1)CC(C)S2)C(=O)NS(C)(=O)=O,704.37,8.1903488372093
CC(CCCO)(c1ccc(OCc2ccc3ccccc3n2)cc1)c1ccc(OCc2ccc3ccccc3n2)cc1,554.729999999999,7.29907894736841
COc1ccc2c(n1)CCN(C(=O)[C@H]1C[C@@H](CC(=O)O)C1)[C@H]2C(=O)Nc1cc(F)c2c(c1)CCC2(C)C,509.63,7.3859420289855
O=C(NC[C@H](NS(=O)(=O)c1cccs1)C(=O)O)c1cc2cc(CCC3CCNCC3)sc2s1,527.77,9.09948275862068
CN(C(=O)c1ccc(C(=N)N)cc1)c1ccc2c(c1)CC(CC(=O)O)CC2,365.47,7.30939999999999
CSCC[C@@H](NC(=O)[C@H](Cc1ccccc1)NC(C)=O)C(=O)NC(C)(C)C(=O)N[C@@H](Cc1ccc(CP(=O)(O)O)cc1)C(=O)N[C@@H](Cc1c[nH]c2cc(C)ccc12)C(=O)N[C@@H](CCC(=O)O)C(=O)NC1(C(=O)N[C@@H](CC(C)C)C(N)=O)CC1,1189.48,7.43424999999999
O=C(O)CCCc1ccccc1Cc1ccccc1-c1nc(C(=O)NCCCCC2CCCCC2)co1,502.709999999999,6.70279999999999
COC(=O)c1cc2c(cc1NS(C)(=O)=O)C=C[C@H]1[C@@](C)(C(=O)OC)CCC[C@]21C,421.56,7.52785714285714
Cc1nc(C)c(-c2ccnc(Nc3ccc(N(C)C)c(Cl)c3)n2)s1,359.92,8.5695238095238
COc1ccc2c(Cc3c(Cl)cncc3Cl)nncc2c1OCCCCCc1ccccc1,482.44,8.31793103448275
C#C[C@H](CC(=O)O)NC(=O)CN1CCc2ccc(N3CCNCC3)cc2C1=O,384.48,7.39384615384615
c1csc(-c2nnsc2-c2cccs2)c1,250.39,11.9233333333333
C[C@@H](COc1ccc2c(c1)c(SC(C)(C)C)c(CC(C)(C)C(=O)O)n2Cc1ccc(Cl)cc1)c1ccccn1,565.229999999999,7.43723684210526
CCCCOC(=O)N[C@@H](CNC(=O)c1cc(OCC2CCN(C(=N)N)CC2)no1)C(=O)OC.O=C(O)C(F)(F)F,582.61,7.98095890410958
CCCOc1cc(-c2nc(-c3ccc4c(c3)CCC(=O)N4)cs2)ccc1OC,394.53,7.89059999999999
CC(C)CN1CCN(C(=O)NCCCOc2ccc3[nH]c4nc(O)nc-4cc3c2)CC1.Cl,463.04,7.34984126984126
CCOC(=O)C(Cc1ccccc1)Nc1nc2cc(C(C)C)ccc2o1,352.47,7.04939999999999
O=C(NCc1ccccc1)N[C@@H](CNC(=O)c1ccc2c(c1)C(=O)N(CCC1CCNCC1)C2)C(=O)O,507.65,7.25214285714285
CS(=O)(=O)NC(=O)CCc1ccccc1CC1C2CCC(O2)C1c1nc(C(=O)NCCCCC2CCCCC2)co1,585.839999999999,6.97428571428571
COc1ccc(C(=O)NC(C)C(=O)NO)cc1OC1CCCC1,322.4,7.16444444444444
Cl.O=C(NCCCOc1ccc2[nH]c3nc(O)nc-3cc2c1)N1CCN(CC2CCCCO2)CC1,505.079999999999,7.42764705882352
CN1CCC(O)(c2nc(-c3ccc(F)cc3)c(-c3ccncc3)s2)CC1,369.5,8.03260869565217
O=C1NCc2c(-c3ccc(F)cc3F)cc(C3CCNCC3)cc2N1c1c(Cl)cccc1Cl,488.39,9.04425925925925
C[C@H]1Oc2ccc(OCc3nc4cc(F)ccc4s3)cc2[C@H](O)[C@@H]1Cc1cccc(NS(=O)(=O)C(F)(F)F)c1,582.64,9.55147540983606
Cc1ccc(S(=O)(=O)N[C@@H](CNC(=O)c2ccc3nc(-c4ccc(C(=N)N)cc4)oc3c2)C(=O)O)cc1,521.6,8.69333333333333
CC(C)(C)Sc1c(CC(C)(C)C(=O)[O-])n(Cc2ccc(Cl)cc2)c2ccc(OCc3ccc4ccccc4n3)cc12.[Na+],609.210999999999,8.01593421052631
CCC(CC)CN1CCC(S(=O)(=O)CCCOc2ccc3[nH]c4nc(O)nc-4cc3c2)CC1.Cl,511.15,7.40797101449275
c1cc(Nc2nccc(-c3ccncc3)n2)cc(OCCn2ccnc2)c1,358.44,7.96533333333333
CC1Cc2c(OCc3ccc(-c4ccccc4)cn3)ccc3c2c(c(COCCC(=O)O)n3Cc2ccc(Cl)cc2)S1,599.19,8.20808219178082
CCC(C)c1ccc(N/C=N/O)cc1,192.29,6.40966666666666
CCOC(=O)C(Cc1ccccc1)Nc1nc2cc(CC)ccc2s1,354.51,7.5427659574468
COC1(c2csc(Sc3ccc4c(c3)OCC/C4=N\OCC#N)c2)CCOCC1,430.59,8.44294117647058
COC(=O)[C@H](CC1CCCCC1)Nc1nc2ccccc2o1,302.41,6.87295454545454
COc1ccc(O)c(CCc2ccccc2)c1,228.31,6.91848484848484
CC(=O)c1c(C)c(C)c(O)c(C(CCCCCC(=O)O)c2ccc(F)cc2)c1C,400.53,6.90568965517241
CCN1CCC[C@H](C(=O)NO)[C@H]1C(=O)Nc1ccc(OCc2cc(C)nc3ccccc23)cc1,462.6,7.22812499999999
O=C(O)COc1cccc2c1CC[C@](O)(COC(=O)N(c1cccc(F)c1)c1cccc(F)c1)C2,483.5,8.33620689655172
Cl.O=C(O)CCCCCCC(CNS(=O)(=O)c1ccc(Cl)cc1)c1cccnc1,461.45,8.38999999999999
O=C(O)[C@H](CCC(=O)N1CCN(c2cccc(NC3=NCCCN3)c2)CC1)NS(=O)(=O)c1ccccc1,528.7,7.6623188405797
CCCCC[C@H](O)/C=C/C1C(=O)C=C2OC(=O)CCC/C=C\C[C@@H]21,332.48,6.39384615384615
COc1nc(N)nc2c1ncn2C1CC(O)C(CO)S1,297.38,8.49657142857142
N#Cc1cc(-c2ccoc2)c2ccc(OCc3csc(C4(O)CCOCC4)n3)cc2c1,432.53,8.48098039215686
CCN(CC)CCOc1ccc(Nc2nccc(-c3cccnc3)n2)cc1,363.51,6.99057692307692
COc1ccc(NS(=O)(=O)c2c(F)c(F)c(F)c(F)c2F)cc1NC(=O)CNC(C)=O,467.41,10.3868888888889
CCCc1c(Cc2cccnc2)cc2c(c1CCC(=O)O)CCC(NS(=O)(=O)c1ccc(Cl)cc1)C2,527.13,7.8676119402985
CN1CC/C(=C\c2cc(C(C)(C)C)c(O)c(C(C)(C)C)c2)C1=O,315.5,6.06730769230769
O=C(O)/C=C/C(CCCCNS(=O)(=O)c1ccc(Cl)cc1)CCCc1cccnc1,451.03,7.91280701754385
O=C(O)CCc1ccccc1CC1C2CCC(O2)C1c1nc(C(=O)Nc2ccc(Cl)cc2)co1,480.98,8.1522033898305
N=C(N)c1ccc(C(=O)Nc2ccc3c(c2)CC(CC(=O)O)CO3)cc1,353.41,7.85355555555555
CCC(OC)(c1cccc(COc2ccc3ccccc3c2)c1)c1nccs1,389.55,7.63823529411764
O=C(Nc1cccc2c(=O)cc(-c3nnn[nH]3)oc12)c1ccc(OCCCCc2ccccc2)cc1,481.55,8.16186440677965
CC(C)NS(=O)(=O)N[C@@H](CNC(=O)CC1CC(c2ccc(C(=N)N)cc2)=NO1)C(=O)O.O=C(O)C(F)(F)F,568.6,8.7476923076923
Cc1c[nH]c2c(O)cc3c(c12)[C@H](CCl)CN3C(=O)c1cc2cc(NC(=O)Nc3ccc4[nH]c(C(=O)N5C[C@@H](CCl)c6c5cc(O)c5[nH]cc(C)c65)cc4c3)ccc2[nH]1,815.769999999999,8.67840425531914
C=C(Br)C(=O)Nc1cc(C(=O)Nc2cc(C(=O)Nc3cc(C(=O)Nc4cc(C(=O)NCCN=C(N)N)n(C)c4)n(C)c3)n(C)c2)n(C)c1.Cl,760.129999999999,8.94270588235293
COc1ccc2oc(NC(Cc3ccc(F)cc3)c3ccccn3)nc2c1,363.42,8.07599999999999
CO[C@@H]1C[C@H](C[C@@H](C)[C@@H]2CC(=O)[C@H](C)/C=C(\C)[C@@H](O)[C@@H](OC)C(=O)[C@H](C)C[C@H](C)/C=C/C=C/C=C(\C)[C@H](O)C[C@@H]3CC[C@@H](C)[C@@](O)(O3)C(=O)C(=O)N3CCCC[C@H]3C(=O)O2)CC[C@H]1O,900.279999999999,6.38496453900709
C=CCC(CC=C)(COc1cccc(CN(CC)C/C=C/C#CC(C)(C)C)c1)OCc1ccsc1,491.799999999999,6.47105263157894
O=C(NC[C@H](NS(=O)(=O)c1cccnc1)C(=O)O)c1cc2c(s1)CCN(CCC1CCNCC1)C2=O,535.71,8.2416923076923
CCCCCCCCCCCCOP(=O)(O)O,266.36,6.05363636363636
Cc1ccc2oc(NC(CC3CCCCC3)c3ccccn3)nc2c1,335.49,6.70979999999999
N#Cc1ccc(NC(=O)Nc2ccccc2Br)c(O)c1Cl,366.61,12.2203333333333
CCC(OC)(c1cccc(COc2ccc3c(-c4ccccc4)c4c(cc3c2)C(=O)OC4)c1)c1nccs1,521.67,8.0256923076923
CCCC#CCOCC1C2CCC(O2)C1C/C=C\CCCC(=O)O,334.5,6.19444444444444
O=C(O)CSC(CCCCNS(=O)(=O)c1ccc(Cl)cc1)CCCc1cccnc1,471.09,8.26473684210526
CC(C)(C)CCCCCCNC(=O)c1coc(C2C3CCC(O3)C2Cc2ccccc2CCC(=O)O)n1,510.739999999999,6.46506329113923
CCCCOc1ccc(C[C@H]2NC(=O)[C@H](CC(=O)O)NC(=O)CNC(=O)[C@H](CCCN=C(N)N)NC(=O)[C@H]3CCCN3C(=O)[C@H](CC(N)=O)NC(=O)[C@@H](NC(C)=O)CSSC[C@@H](C(N)=O)NC(=O)[C@H](CCCN=C(N)N)NC2=O)cc1,1178.54,7.55474358974358
CN([C@@H](Cc1ccc(OS(=O)(=O)c2cccc3cnccc23)cc1)C(=O)N1CCN(Cc2ccc(F)cc2)CC1)S(=O)(=O)c1cccc2cnccc12,753.939999999999,8.47123595505617
CN(CCC1CCNCC1)C(=O)c1ccc2c(c1)CC(CC(=O)O)C(=O)N(C1CCCCC1)C2,469.689999999999,6.43410958904109
CCCc1cc2cc(C(=O)[C@H]3CC[C@@H](OC)CC3)ccc2nc1C,325.49,6.38215686274509
CC(C)(C)Sc1c(CC(C)(C)C(=O)O)n(Cc2ccc(Cl)cc2)c2ccc(OCc3cc4ccccc4cn3)cc12,587.229999999999,7.72671052631578
CC1(c2nnc3ccc(-c4ocnc4-c4cc(F)c(F)cc4F)cn23)CCC1,384.39,8.93930232558139
CC[C@@H]1/C=C(\C)C[C@H](C)C[C@H](OC)[C@H]2O[C@@](O)(C(=O)C(=O)N3CCCC[C@H]3C(=O)O[C@H](/C(C)=C/C3CC[C@@H](OCC(=O)NCc4ccccc4)[C@H](OC)C3)[C@H](C)[C@@H](O)CC1=O)[C@H](C)C[C@@H]2OC,939.319999999999,6.47806896551723
NS(=O)(=O)c1ccc(Nc2nccc(-c3cccnc3)n2)cc1,327.4,9.09444444444444
O=C(O)CCc1ccccc1CC1=C(c2nc(C(=O)NCCc3ccc(Cl)cc3)co2)CCCC1,493.04,7.70374999999999
CCOC(=O)C(Cc1cccc(OCC(=O)O)c1)c1nc(-c2ccccc2)c(-c2ccccc2)o1,471.54,7.85899999999999
OC1(c2cccc(COc3ccc4c(-c5ccoc5)cncc4c3)n2)CC2COC(C1)O2,430.49,7.97203703703703
CCOc1cc(-c2nc(-c3ccc4c(c3)CCC(=O)N4)cs2)ccc1OC,380.5,8.09574468085106
CSCC(Cc1ccccc1)Nc1nc2cc(C(C)C)ccc2o1,340.53,7.09437499999999
CC(C)(C)Sc1c(CC(C)(C)C(=O)O)n(Cc2ccc(Cl)cc2)c2ccc(OCc3ccc4cccnc4n3)cc12,588.219999999999,7.84293333333333
CC(C)COC(=O)N[C@@H](CCC(=O)N1CCN(c2cccc(NC3=NCC(C)(C)CN3)c2)CC1)C(=O)O,516.719999999999,6.71064935064934
CC1Cc2c(OCc3ccc(-c4ccccc4)cn3)ccc3c2c(c(CC(C)(C)Cc2nnn[nH]2)n3Cc2ccc(Cl)cc2)S1,635.29,7.94112499999999
O=C(O)C[C@H](NC(=O)[C@@H]1CCCN(C(=O)CCC2CCNCC2)C1)c1ccc(-c2ccsc2)nc1,498.71,7.22768115942028
CCCC[C@H](C)C[C@H](O)/C=C/[C@@H]1[C@H]2C[C@H](CCOCC(=O)O)C[C@H]2C[C@H]1O,382.6,5.88615384615384
N=C(c1ccc(C(=O)Nc2ccc3c(c2)CC(CC(=O)O)CC3)cc1)N1CCOCC1,421.54,7.26793103448275
O=C(O)CCc1cc(CCNS(=O)(=O)c2ccc(Cl)cc2)ccc1CCc1cccnc1,473.03,8.29877192982456
Cc1cccc(S(=O)(=O)N[C@@H](CNC(=O)Cc2cc(-c3ccc(C(=N)N)cc3)no2)C(=O)O)c1.O=C(O)C(F)(F)F,599.6,9.22461538461538
CCCc1ccc2cc(C(=O)[C@H]3CC[C@@H](OC)CC3)ccc2n1,311.46,6.48874999999999
N=C(N)c1ccc(/C=C2/NC(=O)N(CC(=O)N[C@@H](CC(=O)O)C(=O)N[C@H](C(=O)O)c3ccccc3)C2=O)cc1,536.55,8.51666666666666
CS(=O)(=O)N[C@@H](CNC(=O)c1cc2n(n1)CCN(CCC1CCNCC1)C2=O)C(=O)O,456.59,7.73881355932203
CC1(C)COC(c2cc(-c3ccoc3)c3ccc(OCc4cccc(C5(O)CCOCC5)c4)cc3c2)=N1,497.63,7.31808823529411
CC(C)(C)NC(=O)c1coc(C2C3CCC(O3)C2Cc2ccccc2CCC(=O)O)n1,426.56,6.9927868852459
CCCNC(=O)c1coc(C2C3CCC(O3)C2Cc2ccccc2CCC(=O)O)n1,412.53,7.11258620689655
CCCCC[C@H](O)/C=C/C1C(=O)C[C@H](O)[C@@H]1C/C=C\CCCCCC(=O)O,380.58,6.04095238095237
CCC(OC)(c1cccc(OCc2ccc3c(-c4ccccc4)c4c(cc3c2)C(=O)OC4)c1)c1nccs1,521.67,8.0256923076923
Cc1cc(COc2ccc(NC(=O)[C@H]3NCCC[C@@H]3C(=O)NO)cc2)c2ccccc2n1,434.54,7.49206896551723
CC[C@@H]1/C=C(\C)C[C@H](C)C[C@H](OC)[C@H]2O[C@@](O)(C(=O)C(=O)N3CCCC[C@H]3C(=O)O[C@H](/C(C)=C/C3CC[C@@H](OCC(=O)Nc4ccc(O)cc4)[C@H](OC)C3)[C@H](C)[C@@H](O)CC1=O)[C@H](C)C[C@@H]2OC,941.289999999999,6.58244755244755
CCCOc1c(OC)cc([C@@H]2CC[C@@H](c3cc(OC)c(OC)c(OC)c3)O2)cc1S(=O)(=O)C[C@H](C)CCCO,566.78,6.99728395061728
O=C1NCc2c(-c3ccc(F)cc3Cl)cc(C3CCN(C4CCC4)CC3)cc2N1c1c(Cl)cccc1Cl,558.94,8.73343749999999
COC(=O)c1cc2c(c(C(C)=O)c1C(=O)OC)CCC1[C@@](C)(C(=O)OC)CCC[C@]21C,430.54,7.05803278688524
Cl.O=C(NCCCOc1ccc2[nH]c3nc(O)nc-3cc2c1)N1CCN(Cc2ccccc2)CC1,497.05,7.76640624999999
O=C(NCc1ccccc1)N[C@@H](CNC(=O)c1cc2cc(CCC3CCNCC3)sc2s1)C(=O)O,514.73,7.91892307692307
CC(=O)NCSC[C@H](NC(=O)CNC(=O)CNC(=O)[C@H]1CSCC(=O)N[C@@H](Cc2ccc(O)cc2)C(=O)N[C@H](CSCCCN)C(=O)NCC(=O)N[C@H](CC(=O)O)C(=O)N1)C(=O)NCC(=O)N[C@@H](CSCNC(C)=O)C(=O)NCC(=O)NCC(=O)N[C@@H](CSCC(=O)CC(=O)N[C@@H](CCCCN)C(=O)N[C@@H](CCCCN)C(=O)NCC(=O)N[C@@H](CS)C(=O)O)C(=O)NCC(=O)[C@@H]1CSC23SCC(NC(=O)[C@H](CSCC(=O)CC(=O)N[C@@H](CCCCN)C(=O)N[C@@H](CCCCN)C(=O)NCC(=O)N[C@@H](CS)C(=O)O)NC(=O)CNC(=O)CNC(=O)[C@H](CSCNC(C)=O)NC(=O)CNC(=O)[C@H](CSCNC(C)=O)NC(=O)CNC(=O)CNC(=O)[C@H]4CSCC(=O)N[C@@H](Cc5ccc(O)cc5)C(=O)N[C@H](CSCCCN)C(=O)NCC(=O)N[C@H](CC(=O)O)C(=O)N4)C(=O)N2CC(=O)N13,4087.34000000007,8.09374257425756
COc1ccc(NS(=O)(=O)C(F)(F)F)cc1C[C@H]1[C@@H](O)c2cc(OCc3nc4cc(F)c(F)cc4s3)ccc2OC1(C)C,644.69,9.48073529411764
COC(=O)C(Cc1cccc(OCC(=O)O)c1)c1nc(-c2ccccc2)c(-c2ccccc2)o1,457.51,8.02649122807017
CC[C@@H]1/C=C(\C)C[C@H](C)C[C@H](OC)[C@H]2O[C@@](O)(C(=O)C(=O)N3CCCC[C@H]3C(=O)O[C@H](/C(C)=C/C3CC[C@@H](OCC(=O)N(C)CCc4ccccc4)[C@H](OC)C3)[C@H](C)[C@@H](O)CC1=O)[C@H](C)C[C@@H]2OC,967.379999999999,6.40649006622516
O=CN1CCN(S(=O)(=O)CCCOc2ccc3[nH]c4nc(O)nc-4cc3c2)CC1,419.51,8.39019999999999
Cl.O=S(=O)(CCCOc1ccc2[nH]c3nc(O)nc-3cc2c1)N1CCNCC1,427.96,8.55919999999999
COC1(c2cccc(OCc3ccc4c(-c5ccccc5)c5c(cc4c3)C(=O)OC5)c2)CCOCC1,480.59,7.50921874999999
COc1ccc2c(C(=S)N(C)CC(=O)O)cccc2c1C(F)(F)F,357.38,9.40473684210526
O=C(O)CCc1ccccc1CC1C2CCC(O2)C1c1nc(C(=O)NCCc2ccc(Cl)cc2)co1,509.04,7.83138461538461
CCCCCCCCS(=O)(=O)N[C@@H](CCC(=O)N1CCC(CCCC2CCNCC2)CC1)C(=O)O,515.849999999999,6.14107142857142
O=C(O)C[C@H](NC(=O)[C@@H]1CCN(C(=O)/C=C/C2CCNCC2)C1)c1cccnc1,400.53,7.02684210526315
COC(=O)[C@@]1(C)CCC[C@]2(C)c3cc(OC)c(O)cc3C=C[C@@H]12,316.43,6.73255319148936
N#Cc1cc(-c2ccoc2)c2ccc(CSc3cc(F)cc(C4(O)CC5COC(C4)O5)c3)cc2n1,488.57,8.72446428571428
CCCCC/C=C\C[C@@H](O)/C=C/C=C/C=C\[C@@H](O)CCCC(=O)O,336.52,6.00928571428571
CCc1cc2cc(C(=O)C3CCC(OC)CC3)ccc2nc1O,313.43,6.81369565217391
O=C1NC(=O)/C(=C/c2ccc(C(=O)NC[C@@H]3C[C@@H](S(c4ccccc4)(c4ccccc4)c4ccccc4)CN3C(=O)c3ccccc3C(=O)c3ccc(F)cc3F)cc2)S1,838.019999999999,8.63938144329896
Cl.O=C(O)CCCCCC(CNS(=O)(=O)c1ccc([N+](=O)[O-])cc1)c1cccnc1,457.98,8.4811111111111
FC(F)(F)c1nc(-c2ccc(Cl)cc2)c(-c2ccc(Cl)cc2)s1,374.22,12.0716129032258
CC(C)(C)N1CCC(c2cc(-c3ccc(F)cc3Cl)c3c(c2)N(c2c(Cl)cccc2Cl)C(=O)NC3)CC1,560.96,8.49939393939393
CN[C@H](Cc1ccccc1)C(=O)N1CCC[C@H]1C(=O)NC(CCCN=C(N)N)C(=O)c1nc2ccccc2n1C,546.749999999999,7.00961538461538
COc1ncc([C@H](CC(=O)O)NC(=O)[C@@H]2CCCN(C(=O)CCC3CCNCC3)C2)cc1Cl,481.05,7.28863636363636
O=C(NC[C@H](NS(=O)(=O)c1ccccc1)C(=O)O)c1cc2ccc(OCC3CCNCC3)cc2[nH]1,500.63,7.94650793650793
Cc1c(C)c2c(c(C(CCCCCC(=O)O)c3ccc(F)cc3)c1O)CCC2=O,398.51,7.11624999999999
CCCCS(=O)(=O)N[C@@H](CNC(=O)c1cc2c(s1)CCN(CCC1CCNCC1)C2=O)C(=O)O,514.74,7.56970588235293
Fc1ccc(C(CC2CCCCC2)Nc2nc3ccccc3o2)cc1,338.46,7.05124999999999
O=C(O)CSC(c1ccc(OCc2ccc3ccccc3n2)cc1)c1ccc(OCc2ccc3ccccc3n2)cc1,572.72,8.18171428571428
CC(C)CNS(=O)(=O)N[C@@H](CNC(=O)CC1CC(c2ccc(C(=N)N)cc2)=NO1)C(=O)O.O=C(O)C(F)(F)F,582.63,8.56808823529411
Cc1ccncc1CCCC(CCCCNS(=O)(=O)c1ccc(Cl)cc1)CCC(=O)O,467.08,7.53354838709677
COC1(c2cc(F)cc(Sc3ccc4c(c3)OCC/C4=N\O)c2)CCOCC1,403.51,8.07019999999999
CO[C@H]1CC[C@@H](C(=O)c2ccc3nc4c(cc3c2)CCCN4C)CC1,338.49,6.63705882352941
O=C(c1cc(-c2ccc(F)cc2Cl)c2c(c1)N(c1c(Cl)cccc1Cl)C(=O)NC2)N1CCNCC1,533.84,9.70618181818181
COc1cccc2c1C(=O)c1c(O)c3c(c(O)c1C2=O)C[C@@](O)(C(=O)CO)[C@H](OC1CC(O)C(O)C(C(F)(F)F)O1)C3,598.52,8.9331343283582
C[C@H](Nc1ncnc2ccccc12)c1ccc2ccccc2c1,299.4,7.485
Cc1ccc(S(=O)(=O)N[C@@H](CNC(=O)CC2CC(c3ccc(C(=N)N)cc3)=NO2)C(=O)O)o1.O=C(O)C(F)(F)F,591.58,9.24343749999999
COc1ccc(NC(=O)c2coc(C3C4CCC(O4)C3Cc3ccccc3CCC(=O)O)n2)cc1,476.57,7.56460317460317
O=[N+]([O-])c1ccc(NN=c2c3ccccc3oc3ccccc23)c([N+](=O)[O-])c1,376.35,9.40874999999999
N=C(N)c1ccc(C2=NOC(CC(=O)NC[C@H](NS(=O)(=O)c3cccc(Br)c3)C(=O)O)C2)cc1.O=C(O)C(F)(F)F,666.48,10.41375
FC(F)Oc1ccc2c(Cc3c(Cl)cncc3Cl)nncc2c1OC1CCCC1,440.3,9.57173913043478
COc1ccc(C[C@H]2NC(=O)[C@H](CC(=O)O)NC(=O)CNC(=O)[C@H](CCCN=C(N)N)NC(=O)[C@H]3CCCN3C(=O)[C@H](CC(N)=O)NC(=O)[C@@H](NC(C)=O)C(C)(C)SSC[C@@H](C(N)=O)NC(=O)[C@H](CCCN=C(N)N)NC2=O)cc1,1164.51,7.61117647058823
C#CC/N=C(\N)c1ccc(C(=O)Nc2ccc3c(c2)CC(CC(=O)O)CC3)cc1,389.49,7.4901923076923
Cn1cnc(S(=O)(=O)N[C@@H](CNC(=O)CC2CC(c3ccc(C(=N)N)cc3)=NO2)C(=O)O)c1.O=C(O)C(F)(F)F,591.59,9.24359374999999
O=C(N[C@@H](CCC(=O)N1CCN(c2cccc(NC3=NCCCCN3)c2)CC1)C(=O)O)OCc1ccccc1,536.699999999999,7.15599999999999
COc1ccc(C[C@H]2NC(=O)/C=C/C[C@@H]([C@H](C)[C@H]3O[C@@H]3c3ccccc3)OC(=O)[C@H](CC(C)C)OC(=O)C[C@@H](CC(C)C)NC2=O)cc1Cl,697.339999999999,7.11571428571428
O=C(O)CCc1cc(Cc2cccnc2)cc2c1CCC(NS(=O)(=O)c1ccc(Cl)cc1)C2,485.04,8.36275862068965
O=C1NCCCC[C@@H](C(=O)NCC(=O)N2CCOCC2)NC(=O)[C@H](Cc2ccc(-c3ccccc3C(F)(F)F)cc2)[C@@H](C(=O)NO)CCCO1,705.809999999999,7.67184782608695
c1cncc(-c2ccnc(Nc3cccc(-n4ccnc4)c3)n2)c1,314.38,8.27315789473684
COC(=O)[C@]1(C)CC[C@]2(C)CC[C@]3(C)C4=CCc5c(cc(OC(C)=O)c(OC(C)=O)c5C)[C@]4(C)CC[C@@]3(C)[C@@H]2C1,550.799999999999,6.40465116279069
Nc1n[nH]c(=O)c2c1c(Br)cn2[C@@H]1O[C@H](CO)[C@@H](O)[C@H]1O,361.18,10.6229411764706
N/C(=N/Cc1ccccc1)c1ccc(C2=NO[C@@H](CC(=O)NCCC(=O)O)C2)cc1,408.5,7.56481481481481
Cc1ncc(C(=O)Nc2cn3ccnc3c(CN3CCN(C(=O)C4CCCC4)[C@@H](C)C3)c2C)cn1,475.66,6.99499999999999
CC1Cc2c(OCc3ccc(-c4ccccc4)cn3)ccc3c2c(c(CC(=O)N(C)C(C)C(=O)O)n3Cc2ccc(Cl)cc2)S1,640.25,8.10443037974683
CC(C)=CCC[C@@H](C)[C@H]1CC[C@@]2(C(=O)O)C3=C(CC[C@]12C)[C@@]1(C)CC[C@H](O[C@@H]2OC[C@H](O)[C@H](O)[C@H]2O[C@@H]2O[C@H](CO)[C@H](O)[C@H](O)[C@H]2O)C(C)(C)[C@@H]1CC3,751.069999999999,6.31151260504201
COC(=O)c1cc2c(c(C)c1C(=O)OC)C(C)=CC1[C@@](C)(C(=O)OC)CCC[C@]21C,414.54,6.90899999999999
CCN(CC)c1ccc2cc(C(=O)Nc3ccc4[nH]c(C(=O)N5C[C@@H](CCl)c6c5cc(OC(=O)Nc5ccccc5)c5[nH]cc(C)c65)cc4c3)oc2c1,729.289999999999,8.10322222222222
O=C(O)CCc1c2c(cc(Cc3cccnc3)c1-c1ccccc1)CC(NS(=O)(=O)c1ccc(Cl)cc1)CC2,561.14,8.2520588235294
O=C([O-])COc1cccc(C[C@@H]2CCC[C@H]3O[C@]23c2nc(-c3ccccc3)c(-c3ccccc3)o2)c1.[Na+],503.561,7.99303174603174
O=C(O)CCCCCCc1cnccc1CCNS(=O)(=O)c1ccc(Cl)cc1,424.99,8.01867924528301
C=CCc1cc2c(c(C)c1O)CCO2,190.26,6.795
O=C(O)COc1cccc2c1CC[C@](O)(COC(=O)N(c1ccccc1)c1ccc(F)cc1)C2,465.51,8.02603448275861
Cl.O=C(O)CCCCCC(CNS(=O)(=O)c1ccccc1)c1cccnc1,412.98,7.94192307692307
CNC(=O)OCc1c2c(n(C)c1COC(C)=O)C(=O)C(C)=C(OC)C2=O,364.39,7.92152173913043
CC(=O)c1ccc(C(=NNc2ccc([N+](=O)[O-])cc2[N+](=O)[O-])c2ccc(C(C)=O)cc2)cc1,446.45,8.75392156862745
O=C(O)[C@H](CCC(=O)N1CCC(CCCC2CCNCC2)CC1)NS(=O)(=O)c1ccc2ccccc2c1,529.77,6.97065789473684
COc1ccc(C2=NOC(CC(=O)NO)C2)cc1OC1CCCC1,334.41,7.26978260869565
CN(CCC1CCNCC1)C(=O)c1ccc2c(c1)NC(CC(=O)O)C(=O)N(CCc1ccccc1)C2,492.68,6.84277777777777
N=C(N)NCCC[C@H](NC(=O)CN1CCCC[C@H](NS(=O)(=O)Cc2ccccc2)C1=O)C(=O)c1nc2ccccc2s1,613.84,7.97194805194805
CCCCS(=O)(=O)N[C@@H](CNC(=O)c1cc2sc(CCC3CCNCC3)cc2s1)C(=O)O,501.76,7.96444444444444
COc1cc(-c2nn([C@H]3CC[C@H](N4CCN(C)CC4)CC3)c3ncnc(N)c23)ccc1NC(=O)CC(C)(C)c1ccccc1,596.859999999999,6.78249999999999
CN(CCCCC1CCCCC1)C(=O)c1coc(C2C3CCC(O3)C2Cc2ccccc2CCC(=O)O)n1,522.749999999999,6.53437499999999
O=C(O)CC1Nc2cc(/C=C/CCC3CCNCC3)ccc2CN(CCc2ccccc2)C1=O,461.66,6.69072463768115
OC1(c2cccc(COc3ccc4c(-c5ccoc5)cc(Cc5nccs5)cc4c3)c2)CCOCC1,497.65,7.89920634920634
Oc1cc2c(cc1OCCCc1ccccc1)OCC2,270.35,7.11447368421052
CCCCC[C@H](O)CCC1C(=O)C[C@H](O)[C@@H]1CCCCCCC(=O)O,356.56,5.84524590163934
COc1ccc(CCS(=O)(=O)N[C@H](CCCCNC(=O)c2ccc(C(=N)N)cc2)CC(=O)O)cc1,504.67,7.53238805970149
CC(C)C[C@H](NC(=O)[C@H](Cc1ccc(NC(=N)N)cc1)NC(=O)[C@H](Cc1ccc(F)cc1)NC(=O)/C=C/c1ccccc1)C(=O)N[C@@H](CCCN=C(N)N)C(=O)N[C@@H](CCCN)C(N)=O,900.199999999999,7.08818897637795
O=[Se](=O)(CCCl)c1ccccc1,251.58,11.98
O=C(NC[C@H](NS(=O)(=O)c1ccc(Cl)cc1)C(=O)O)c1cc2cc(CCC3CCNCC3)sc2s1,556.18,9.11770491803278
Oc1ccc2c(c1)OC=C(CN1CCC(=C(c3ccc(F)cc3)c3ccc(F)cc3)CC1)O2,447.51,7.99124999999999
O=C(O)CCCCCc1cnccc1CCNS(=O)(=O)c1ccc(Cl)cc1,410.96,8.21919999999999
O=C1NCc2c(-c3ccc(F)cc3Cl)cc(C3CCNCC3)cc2N1c1c(Cl)cccc1Cl,504.84,9.34888888888888
O=c1c2cccc3c2c(nn1-c1ccccc1[N+](=O)[O-])-c1ccccc1-3,341.34,9.2254054054054
CC(C)(C)C#C[C@@H](CC(=O)O)NC(=O)[C@@H]1CCCN(C(=O)CCC2CCNCC2)C1,419.63,6.2631343283582
Cl.O=S(=O)(CCCOc1ccc2[nH]c3nc(O)nc-3cc2c1)N1CCN(c2nc3ccccc3s2)CC1,561.14,9.05064516129032
COC(=O)c1ccccc1OCCCOc1cc2c(cc1O)CCO2,344.39,7.65311111111111
OC1(c2cccc(COc3ccc4c(-c5ccoc5)cc(C5=NCCO5)cc4c3)c2)CCOCC1,469.57,7.57370967741935
CCCCCCCCCCCCCC(=O)O[C@@]12[C@H](OC(C)=O)[C@@H](C)[C@@]3(O)[C@@H](C=C(CO)C[C@]4(C)C(=O)C(C)=C[C@@H]34)[C@@H]1C2(C)C,614.949999999999,6.02892156862744
C[C@H](Nc1nccc(-n2c(-c3ccc(F)cc3)nc3nc(N4CCN(C)CC4)ccc32)n1)c1ccccc1,508.66,7.59194029850746
COc1ccccc1CNC(=N)c1ccc(C2=NO[C@@H](CC(=O)NC[C@H](NS(=O)(=O)c3c(C)noc3C)C(=O)O)C2)cc1,612.73,8.16973333333333
CCCN(CC1CC1)c1nc(C)nc(Nc2c(Cl)cc(Cl)cc2Cl)c1Cl,434.22,9.4395652173913
CCC(CC)CN1CCC(n2nnnc2CCCOc2ccc3[nH]c4nc(O)nc-4cc3c2)CC1.Cl,515.13,7.25535211267605
O=C(O)CCc1ccccc1CC1C2CCC(O2)C1c1nc(C(=O)NC2CCCCC2)co1,452.6,6.96307692307692
CCCS(=O)(=O)N[C@@H](CNC(=O)CC1CC(c2ccc(C(=N)N)cc2)=NO1)C(=O)O.O=C(O)C(F)(F)F,553.58,8.78698412698412
CC1OC(=O)c2cc3cc(OCc4cccc(C5(O)CCOCC5)c4)ccc3c(-c3ccccc3)c21,480.59,7.50921874999999
N=C(N)c1ccc(NC(=O)c2ccc3c(c2)CCN(CC(=O)O)C3=O)cc1,366.41,8.14244444444444
Cc1cccc(S(=O)(=O)N[C@@H](CNC(=O)C[C@@H]2C[C@H](c3ccc(C(=N)N)cc3)N(C(C)C)O2)C(=O)O)c1.Cl,568.16,7.8911111111111
O=C(O)CCC/C=C/CC1C2CCC(O2)C1CNC(=O)CNC(=O)CCCCC1CCCCC1,476.729999999999,6.11192307692307
CC[C@@H]1/C=C(\C)C[C@H](C)C[C@H](OC)[C@H]2O[C@@](O)(C(=O)C(=O)N3CCCC[C@H]3C(=O)O[C@H](/C(C)=C/C3CC[C@@H](OCC(=O)Nc4cccc(C(F)(F)F)c4)[C@H](OC)C3)[C@H](C)[C@@H](O)CC1=O)[C@H](C)C[C@@H]2OC,993.289999999999,6.85027586206896
COC(=O)Cc1nc(-c2ccc(OC)cc2)c(-c2ccc(OC)cc2)s1,369.47,8.21044444444444
O=C(O)CCc1ccccc1CC1C2CCC(O2)C1c1nc(C(=O)NCCCCCO)co1,456.59,7.02446153846153
CCCCC[C@](C)(O)/C=C/C1C(=O)C[C@H](O)[C@@H]1C/C=C\CCCC(=O)O,366.55,6.10916666666666
CS(=O)(=O)O.Cc1noc(C)c1S(=O)(=O)N[C@H](CNC(=O)C[C@@H]1CC(c2ccc(C(=N)N)cc2)=NO1)C(=O)O,588.69,8.78641791044775
Cl.O=S(=O)(CCCCOc1ccc2[nH]c3nc(O)nc-3cc2c1)C1CCN(Cc2ccccc2)CC1,531.13,7.92731343283581
CCCCCCCC(=O)NCC(=O)NCC1C2CCC(O2)C1C/C=C/CCCC(=O)O,436.66,6.15014084507042
CCc1ccc(N/C=N/O)cc1,164.23,6.84291666666666
CC(=O)NCSC[C@H](NC(=O)CNC(=O)CNC(=O)[C@H]1CSCC(=O)N[C@@H](Cc2ccc(O)cc2)C(=O)N[C@H](CSCCCN)C(=O)NCC(=O)N[C@H](CC(=O)O)C(=O)N1)C(=O)NCC(=O)N[C@@H](CSCNC(C)=O)C(=O)NCC(=O)NCC(=O)N[C@@H](CSN1CC(=O)NCCOCOCCNC(=O)C1)C(N)=O,1622.07,8.11034999999999
Cc1cc(C)c(S(=O)(=O)N[C@@H](CCC(=O)N2CCN(c3cccc(NC4=NCCCN4)c3)CC2)C(=O)O)c(C)c1,570.789999999999,7.31782051282051
CC[C@@H](CSCc1c2c3c(c(OCc4ccc(-c5ccccc5)cn4)ccc3n1Cc1ccc(Cl)cc1)CC(C)S2)C(=O)O,643.319999999999,8.1432911392405
CCN(c1ccc(C(Cc2cc[n+]([O-])cc2)c2ccc(OC(F)F)c(OC(F)F)c2)cn1)[C@H](C)c1ccccc1,555.62,8.05246376811593
COc1ccc(CN2CCN(S(=O)(=O)CCCOc3ccc4[nH]c5nc(O)nc-5cc4c3)CC2)cc1.Cl,548.12,8.18089552238805
O=C1OCc2c1cc1cc(OCc3cccc(C4(O)CCOCC4)c3)ccc1c2-c1ccoc1,456.52,7.87103448275861
Cl.Oc1nc2cc3cc(OCCCc4nnnn4C4CCN(CC5CCCCC5)CC4)ccc3[nH]c-2n1,527.14,7.32138888888888
CC#CCC(C)[C@H](O)/C=C/[C@H]1[C@H](O)CC2Oc3c(CCCC(=O)[O-])cccc3[C@@H]21.[Na+],420.521,7.12747457627118
Cl.O=C(NCCCOc1ccc2[nH]c3nc(O)nc-3cc2c1)N1CCN(CC2CCCC2)CC1,489.079999999999,7.29970149253731
CN[C@H](Cc1ccccc1)C(=O)N1CCCC[C@H]1C(=O)NC(CCCN=C(N)N)C(=O)c1nc2ccccc2s1,563.8,7.32207792207792
CC[C@@H]1/C=C(\C)C[C@H](C)C[C@H](OC)[C@H]2O[C@@](O)(C(=O)C(=O)N3CCCC[C@H]3C(=O)O[C@H](/C(C)=C/C3CC[C@@H](OCC(=O)Nc4ccc(N5CCOCC5)cc4)[C@H](OC)C3)[C@H](C)[C@@H](O)CC1=O)[C@H](C)C[C@@H]2OC,1010.41,6.51877419354838
CC(=O)Oc1cc2c(c(C)c1OC(C)=O)[C@H]1CC[C@]3(C)[C@@H](OC(C)=O)CC[C@H]3[C@@H]1C=C2,426.55,6.99262295081967
O=C(Cc1ccccc1)N[C@@H](CCC(=O)N1CCN(c2cccc(NC3=NCCCN3)c2)CC1)C(=O)O,506.67,7.13619718309858
O=C1c2ccccc2C(=O)c2c(NCCNCCO)ccc(NCCNCCO)c21,412.54,7.11275862068965
CCc1cc2cc(C(=O)[C@H]3CC[C@@H](OC)CC3)ccc2n2nnnc12,338.45,7.20106382978723
O=C(O)[C@H](CCC(=O)N1CCC(CCCC2CCNCC2)CC1)NS(=O)(=O)c1cccc2ccccc12,529.77,6.97065789473684
O=[N+]([O-])c1ccc(NN=C(c2ccccc2O)c2ccccc2O)c([N+](=O)[O-])c1,394.37,9.1713953488372
CN(CCCOc1ccc(Cc2ccccc2)cc1)CCC(=O)O,327.46,6.68285714285714
CCCCS(=O)(=O)NC(CC#Cc1ccc2c(c1)c(=O)n(CCC1CCNCC1)c(=O)n2C)C(=O)O,518.699999999999,7.40999999999999
NCCCCCC(=O)Nc1ccc(C(=O)O)c(-c2ccc(O)cc2)c1,342.43,7.28574468085106
CC[C@@H]1/C=C(\C)C[C@H](C)C[C@H](OC)[C@H]2O[C@@](O)(C(=O)C(=O)N3CCCC[C@H]3C(=O)O[C@H](/C(C)=C/[C@@H]3CC[C@@H](O)[C@H](OC)C3)[C@H](C)[C@@H](O)CC1=O)[C@H](C)C[C@@H]2OC,792.129999999999,6.33703999999999
OCc1ccccc1CCCc1cc2c(cc1O)CCO2,284.38,6.9360975609756
O=C(N[C@@H](CCC(=O)N1CCN(c2cccc(NC3=NCC(F)CN3)c2)CC1)C(=O)O)OCc1ccccc1,540.66,7.50916666666666
N=C(N)c1ccc(C2=NOC(CC(=O)NC[C@H](NS(=O)(=O)c3cccc4ccccc34)C(=O)O)C2)cc1.O=C(O)C(F)(F)F,637.65,9.10928571428571
O=C(O)CON=C1CCC(c2ccc(OCc3ccc4ccccc4n3)cc2)(c2ccc(OCc3ccc4ccccc4n3)cc2)CC1,637.779999999999,7.68409638554216
Nc1ccc(SC[C@@H]2CO[C@](CCc3ccc(Cl)cc3)(Cn3ccnc3)O2)cc1,430.01,8.11339622641509
CCCCN(C(=O)C1=COc2cc(O)c(C(C)(C)C)cc2O1)c1ccccc1,381.51,6.93654545454545
CC1CC(O)(c2cccc(COc3ccc4c(-c5ccccc5)c5c(cc4c3)C(=O)OC5)c2)CC(C)O1,494.62,7.38238805970149
COC1(c2cccc(COc3ccc4ccccc4c3)c2)CCOCC1,348.47,6.96939999999999
Cl.O=S(=O)(CCCOc1ccc2[nH]c3nc(O)nc-3cc2c1)C1CCN(Cc2ccccc2)CC1,517.1,8.07968749999999
CC(=O)Oc1cc2c(cc1OC(C)=O)[C@]1(C)CC[C@H]3C(C)(C)C(=O)CC[C@]3(C)C1=CC2,424.58,6.73936507936507
Cn1nnc(-c2cc(-c3ccccc3)c3ccc(OCc4cccc(C5(O)CCOCC5)c4)cc3c2)n1,492.62,7.57876923076922
O=[N+]([O-])c1ccc(N(Cc2ccccc2)N=c2c3ccccc3oc3ccccc23)c([N+](=O)[O-])c1,466.48,8.80150943396226
CC(C)NC(=O)c1coc(C2C3CCC(O3)C2Cc2ccccc2CCC(=O)O)n1,412.53,7.11258620689655
CCN1CC/C(=C\c2cc(C(C)(C)C)c(O)c(C(C)(C)C)c2)C1=O,329.53,5.99145454545454
O=C(O)CCc1ccccc1CC1C2CCC(O2)C1/C=N/NC(=O)Nc1ccccc1,421.54,7.26793103448275
COc1ccc(C[C@H]2NC(=O)/C=C/C[C@@H]([C@H](C)[C@H]3O[C@@H]3c3ccccc3)OC(=O)[C@H](CC(C)C)OC(=O)C[C@@H](c3ccccc3)NC2=O)cc1Cl,717.319999999999,7.47208333333333
CC(C)c1ccc(C(=O)N=C(N)N)cc1S(C)(=O)=O,283.39,7.87194444444444
COc1ccc2nc(COc3ccc4c(c3)c(SC(C)(C)C)c(CC(C)(C)C(=O)O)n4Cc3ccc(Cl)cc3)sc2c1,623.29,8.09467532467532
N=C(N)c1ccc(C[C@H]2NC(=O)[C@H](Cc3ccc(O)cc3)NC(=O)CSC[C@H](C(=O)NCC(=O)NCC(=O)N[C@@H](CS)C(=O)NCC(=O)N[C@@H](CS)C(=O)NCC(=O)NCC(=O)N[C@@H](CSCC(=O)CC(=O)N[C@@H](CCCCN)C(=O)N[C@@H](CCCCN)C(=O)NCC(=O)N[C@@H](CS)C(=O)O)C(N)=O)NC(=O)[C@@H](CC(=O)O)NC(=O)CNC2=O)cc1,1796.29,8.05511210762331
CO[C@H]1CC[C@@H](C(=O)c2ccc3nc4c(cc3c2)CCS4)CC1,327.48,7.44272727272727
Clc1ccc2oc(NC(CN3CCSCC3)c3ccccc3)nc2c1,373.94,8.30977777777777
CC(C)(C)CCNC(=O)c1coc(C2C3CCC(O3)C2Cc2ccccc2CCC(=O)O)n1,454.62,6.78537313432835
Fc1ccc(-c2nc(C3CCNCC3)cn2-c2ccnc(NC3CCCCC3)n2)cc1,420.59,7.00983333333333
CC(C)(C)Sc1c(CC(C)(C)C(=O)O)n(Cc2ccc(Cl)cc2)c2ccc(OCc3ccccn3)cc12,537.17,7.67385714285714
COc1cc2c(cc1C[N+](C)(C)CSc1ccccc1)-c1ccccc1CC2.[Br-],470.51,8.25456140350877
COC(=O)N(O)[C@H]1C[C@@H]2CC[C@@H](C)[C@@](O)(O2)C(=O)C(=O)N2CCCC[C@H]2C(=O)O[C@H]([C@H](C)C[C@@H]2CC[C@@H](O)[C@H](OC)C2)CC(=O)[C@H](C)/C=C(\C)[C@@H](O)[C@@H](OC)C(=O)[C@H](C)C[C@H](C)/C=C/C=C/C=C/1C,973.339999999999,6.5324832214765
CCCCCN(C)C(=O)c1coc(C2C3CCC(O3)C2Cc2ccccc2CCC(=O)O)n1,454.62,6.78537313432835
N=C(N)c1ccc(C2=NO[C@@H](CC(=O)NCCC(=O)O)C2)cc1,318.37,7.76512195121951
CC1Cc2c(OCc3ccc(-c4ccccc4)cn3)ccc3c2c(c(CCSC(C)C(=O)O)n3Cc2ccc(Cl)cc2)S1,629.29,8.28013157894736
O=C(O)CCn1c2c(c3ccccc31)C[C@H](NS(=O)(=O)c1ccc(F)cc1)CC2,416.51,8.33019999999999
CCCCC[C@@H]1/C=C\C2C(=O)CC(O)[C@@H]2C/C=C\CCCC(=O)O1,334.5,6.19444444444444
Cc1cc2c(cc1C(=O)N=C(N)N)S(=O)(=O)CC2(O)C(=O)c1ccccc1,387.45,8.80568181818181
CCCCC[C@H](O)C#C[C@H]1[C@H](O)CC(=O)[C@@H]1C/C=C\CCCCC(=O)O,364.53,6.28499999999999
CC(C)(C)Sc1c(CC(C)(C)C(=O)O)n(Cc2ccc(Cl)cc2)c2ccc(OCc3ccc4ccccc4n3)cc12,587.229999999999,7.72671052631578
O=C(O)C[C@@H](NC(=O)[C@@H]1CCCN(C(=O)CCC2CCNCC2)C1)c1cccs1,421.62,7.02699999999999
CO[C@@H]1C[C@H](C[C@@H](C)[C@@H]2CC(=O)[C@H](C)/C=C(\C)[C@@H](O)[C@@H](OC)C(=O)[C@H](C)C[C@H](C)/C=C/C=C/C=C(\C)[C@H](N(O)C(=O)OCC(C)C)C[C@@H]3CC[C@@H](C)[C@@](O)(O3)C(=O)C(=O)N3CCCC[C@H]3C(=O)O2)CC[C@H]1O,1015.43,6.42677215189873
CC1(C)Oc2ccc(OCc3nc4cc(F)c(F)cc4s3)cc2[C@H](O)[C@@H]1Cc1cc(NS(=O)(=O)C(F)(F)F)ccc1Cl,649.1,10.1421875
N=C(N)Nc1ccc(C(=O)NCCC(=O)N[C@@H](CC(=O)O)C(=O)N[C@H](CC2CCCCC2)C(=O)O)cc1,518.64,7.30478873239436
O=C(O)COc1cccc2c1CCC(CC(=O)NN(c1ccccc1)c1ccccc1)C2,430.54,7.42310344827586
CCCCC[C@H](O)/C=C/[C@H]1C(=O)C[C@H](O)[C@@H]1C/C=C/CCCC(=O)O,352.52,6.18456140350877
N#Cc1cc(-c2ccoc2)c2ccc(OCc3cccc(C4(O)CC5COC(C4)O5)n3)cc2n1,455.5,8.28181818181818
O=C1NCc2c(-c3ccc(F)cc3F)cc(NC3CCNCC3)cc2N1c1c(Cl)cccc1Cl,503.41,8.98946428571428
COc1ccc(C(=O)O)cc1NC(=O)/C=C/c1ccc(-c2ccc(C)cc2)cc1,387.46,7.74919999999999
O=C(O)CC[C@H](CCCCNS(=O)(=O)c1ccc(Cl)cc1)CCOc1cccnc1,455.02,7.98280701754385
Cc1cc(C)cc(Nc2nccc(-c3ccccn3)n2)c1,276.37,7.46945945945945
CO[C@H]1C[C@@H]2CC[C@@H](C)[C@@](O)(O2)C(=O)C(=O)N2CCCC[C@H]2C(=O)O[C@H]([C@H](C)C[C@@H]2CC[C@@H](O)[C@H](OC)C2)CC(=O)[C@H](C)/C=C(\C)[C@@H](O)[C@@H](OC)C(=O)[C@H](C)C[C@H](C)/C=C/C=C/C=C/1C,914.309999999999,6.34937499999999
O=C(O)CCCCC(CCNS(=O)(=O)c1ccc(Cl)cc1)Cc1cccnc1,424.99,8.01867924528301
COc1ccc(NS(=O)(=O)c2c(F)c(F)c(F)c(F)c2F)cc1NC(=O)[C@H](C)NC(C)=O,481.44,10.03
CCOc1ccc(-c2nc(-c3ccc(C(=O)O)cc3)cs2)cc1OCC,369.47,8.21044444444444
CCCCC(NC(=O)c1ccc(C(=N)N)cc1F)C(C)(C)C(=O)N1CCC(CC(=O)O)CC1,462.63,6.80338235294117
COC(=O)c1cc2c(c(C)c1C(=O)OC)C=CC1[C@@](C)(C(=O)OC)CCC[C@]21C,400.51,7.02649122807017
Cc1cc2c(cc1C(=O)N=C(N)N)S(=O)(=O)CC2C,281.37,8.27558823529411
O=C(CNC(=O)c1cnc(NC(=O)NCc2ccccc2)o1)NC[C@H](NC(=O)OCc1ccccc1)C(=O)O,538.57,8.2856923076923
O=C1NCc2c(-c3ccc(F)cc3Cl)cc(C3CCN(C4CC4)CC3)cc2N1c1c(Cl)cccc1Cl,544.91,8.93295081967213
N=C(N)c1ccc(CC2NC(=O)N(CC(=O)N[C@@H](CC(=O)O)C(=O)N[C@H](C(=O)O)c3ccccc3)C2=O)cc1.O=C(O)C(F)(F)F,652.6,8.93972602739725
O=C1OCc2c1cc1cc(OCc3cccc(C4(O)CCOCC4)c3)ccc1c2-c1ccc(F)cc1,484.55,7.94344262295081
Cc1c2oc3c(C)ccc(C(=O)N[C@@H]4C(=O)N[C@H](C(C)C)C(=O)N5CCC[C@H]5C(=O)N(C)CC(=O)N(C)[C@@H](C(C)C)C(=O)O[C@@H]4C)c3nc-2c(C(=O)N[C@@H]2C(=O)N[C@H](C(C)C)C(=O)N3CCC[C@H]3C(=O)N(C)CC(=O)N(C)[C@@H](C(C)C)C(=O)O[C@@H]2C)c(N)c1=O,1255.6,7.1340909090909
CCc1cc2cc(C(=O)Cc3ccccc3)ccc2nc1C,289.4,7.05853658536585
CN[C@H](Cc1ccccc1)C(=O)N1CCC[C@H]1C(=O)NC(C(=O)c1nc2ccccc2s1)C1CCC(N)CC1,547.79,7.20776315789473
CN(C)CCNC(=O)c1ccc(NCCCN(C)CCCNc2ccc(C(=O)NCCN(C)C)c3nc4ccccc4c(O)c23)c2c(O)c3ccccc3nc12,760.049999999999,6.97293577981651
O=C(O)CCc1c(-c2cccnc2)ccc2c1CCC(NS(=O)(=O)c1ccc(Cl)cc1)C2,471.01,8.56381818181818
O=C(c1ccccc1)c1cc(-c2ccoc2)c2ccc(OCc3cccc(C4(O)CCOCC4)c3)cc2c1,504.61,7.64560606060605
CC[C@@H]1/C=C(\C)C[C@H](C)C[C@H](OC)[C@H]2O[C@@](O)(C(=O)C(=O)N3CCCC[C@H]3C(=O)O[C@H](/C(C)=C/C3CC[C@@H](OCC(N)=O)[C@H](OC)C3)[C@H](C)[C@@H](O)CC1=O)[C@H](C)C[C@@H]2OC,849.189999999999,6.43325757575757
CCNC(=O)N[C@@H](CCC(=O)N1CCN(c2cccc(NC3=NCCCN3)c2)CC1)C(=O)O,459.62,6.96393939393939
c1ccc(Cc2ccc(OCCN3CCCCC3)cc2)cc1,295.46,6.2863829787234
Cl.O=S(=O)(CCCOc1ccc2[nH]c3nc(O)nc-3cc2c1)C1CCNCC1,426.97,8.37196078431372
N#Cc1cc(-c2ccoc2)c2ccc(OCc3cccc(C4(O)CC5COC(C4)O5)c3)cc2c1,453.52,7.95649122807017
CCOc1ccc(C(=O)O)cc1NC(=O)/C=C/c1ccc(-c2ccccc2)cc1,387.46,7.74919999999999
C#CCN(Cc1ccc2nc(C)[nH]c(=O)c2c1)c1ccc(C(=O)N[C@@H](C[C@H](F)C(=O)O)C(=O)O)cc1,494.52,8.38169491525423
CN(C)CCN1CCN(c2nc(-c3ccccc3Cl)c3c(n2)N(c2c(Cl)cccc2Cl)C(=O)NC3)CC1,560.96,8.63015384615384
CN1Cc2cc(C(=O)N3CCC(C4CCNCC4)CC3)ccc2NC(CC(=O)O)C1=O,428.59,6.80301587301587
CN(C(=O)c1ccc2c(c1)CC(CC(=O)O)C(=O)N(CCc1ccccc1)C2)c1ccc(C(=N)N)cc1,498.63,7.44223880597014
CC(C)(Cc1ccccc1CC1C2CCC(O2)C1c1nc(C(=O)NCCCCC2CCCCC2)co1)C(=O)O,536.779999999999,6.46722891566264
CCCc1ccc(OCCCc2cc3c(cc2O)CCO3)cc1,312.44,6.64765957446808
CN1CCN([C@H]2CC[C@H](n3nc(-c4ccc(Nc5ccccc5)cc4)c4c(N)ncnc43)CC2)CC1,482.7,6.89571428571428
O=C(O)CCc1ccccc1CC1CCC[C@H]1c1nc(C(=O)NCCCCC2CCCCC2)co1,480.709999999999,6.40946666666666
O=C(NC[C@H](NS(=O)(=O)c1cccs1)C(=O)O)c1cc2sc(CCC3CCNCC3)cc2s1,527.77,9.09948275862068
COc1ccc2c(Cc3c(Cl)cncc3Cl)nncc2c1/C=C/CCCc1ccccc1,464.42,8.44399999999999
C=C1/C(=C\C=C2/CCC[C@]3(C)[C@@H]([C@H](C)CCCC(C)(C)O)CC[C@@H]23)C[C@@H](O)C[C@@H]1O,416.709999999999,5.63121621621621
CCCCC[C@H](O)/C=C/[C@@H]1[C@H]2C/C(=C/CCCC(=O)O)O[C@H]2C[C@H]1O,352.52,6.18456140350877
COc1ccc(C[C@H]2NC(=O)/C=C/C[C@@H]([C@H](C)[C@H]3O[C@@H]3c3ccccc3)OC(=O)[C@H](CC(C)C)NC(=O)C[C@@H](C)NC2=O)cc1Cl,654.269999999999,7.26966666666666
Cl.Oc1nc2cc3cc(OCCCc4nnnn4C4CCN(Cc5ccccc5)CC4)ccc3[nH]c-2n1,521.08,7.89515151515151
C[C@H](Nc1ncnc2ccccc12)c1ccccc1,249.34,7.3335294117647
C#CC/N=C(\N)c1ccc(C(=O)Nc2ccc3c(c2)CC(CC(=O)O)CO3)cc1,391.46,7.82919999999999
O=C(O)CCc1ccccc1CC1C2CCC(O2)C1c1nc(C(=O)NCCCCc2ccc(O)cc2)co1,518.66,7.2036111111111
CC[C@@H]1/C=C(\C)C[C@H](C)C[C@H](OC)[C@H]2O[C@@](O)(C(=O)C(=O)N3CCCC[C@H]3C(=O)O[C@H](/C(C)=C/C3CC[C@@H](OCC(=O)N(C)c4ccccc4)[C@H](OC)C3)[C@H](C)[C@@H](O)CC1=O)[C@H](C)C[C@@H]2OC,939.319999999999,6.47806896551723
CC[C@H](Nc1ncnc2ccccc12)c1ccccc1,263.37,7.1181081081081
CC(C)(CCCCNC(=O)c1coc(C2C3CCC(O3)C2Cc2ccccc2CCC(=O)O)n1)C(=O)O,512.66,7.02273972602739
CC(C)c1csc(COc2ccc3c(c2)c(SC(C)(C)C)c(CC(C)(C)C(=O)O)n3Cc2ccc(Cl)cc2)n1,585.29,7.70118421052631
O=C1c2c(O)ccc(O)c2C(=O)c2c(NCCNCCO)ccc(NCCNCCO)c21,444.54,7.40899999999999
CCC/C(CC1CCc2c(cccc2OCC(=O)O)C1)=N\OC(c1ccccc1)c1ccccc1,471.64,6.93588235294117
CN1C(=O)c2ccccc2SSc2ccccc2NC(=O)[C@H](CC(=O)O)NC(=O)CNC(=O)[C@@H]1CCCN=C(N)N,601.78,8.35805555555555
CCCCC[C@H](O)/C=C/C1C(=O)CC2OC(=O)CCC/C=C\C[C@@H]21,334.5,6.19444444444444
Nc1ccn([C@@H]2CS[C@H](CO)O2)c(=O)n1,229.29,8.81884615384615
NCCCC[C@H](NC(=O)[C@@H]1CCCN1C(=O)[C@H](Cc1ccccc1)NC(=O)[C@H](CC(=O)O)NC(=O)CNC(=O)[C@H](CCCN=C(N)N)NC(=O)[C@H](CO)NC(=O)c1ccccc1N=C(N)N)C(=O)[C@@H]1CCCN1C(=O)[C@H](Cc1ccccc1)NC(=O)[C@H](CC(=O)O)NC(=O)CNC(=O)[C@H](CCCN=C(N)N)NC(=O)[C@H](CO)NC(=O)c1ccccc1N=C(N)N,1744.15,7.42191489361701
N=C(N)c1ccc(C(=O)Nc2ccc3c(c2)CCC(CC(=O)O)O3)cc1,353.41,7.85355555555555
CC(CCC(=O)[O-])(c1ccc(OCc2nc3ccccc3s2)cc1)c1ccc(OCc2nc3ccccc3s2)cc1.[Na+],602.751,8.73552173913043
CCN(C/C=C/C#CC(C)(C)C)Cc1cccc(OCC(C)(C)OCc2ccsc2)c1,439.72,6.46647058823529
COc1ccc(-c2snnc2-c2ccccc2)cc1,268.36,8.65677419354838
Cc1c[nH]c2c1[C@@]13C[C@@H]1CN(C(=O)c1cc4cc(NC(=O)c5cc6ccccc6o5)ccc4[nH]1)C3=CC2=O,502.56,8.37599999999999
CCCc1c(OCCCOc2ccc(-c3cscn3)c(OC)c2CC2CC2)ccc2c1OC(CCC(=O)O)CC2,565.79,7.16189873417721
CC(C(=O)O)c1ccc(-c2ccccc2)c(F)c1,244.28,7.87999999999999
O=C(c1cc(-c2ccoc2)c2ccc(OCc3cccc(C4(O)CCOCC4)c3)cc2c1)c1nccs1,511.63,8.25209677419354
CCCc1c(OCCCOc2ccc(C(=O)NC(C)C)c(OC)c2CCC)ccc2c1OC(C(=O)O)CC2,527.719999999999,6.67999999999999
CNC(=O)OCc1c2c(n(C)c1COC(=O)NC)C(=O)C(C)=C(OC)C2=O,379.41,7.90437499999999
CC#CCC(C)[C@H](O)/C=C/[C@H]1[C@H](O)C[C@]2(C#CCCCBr)C/C(=C\CCCC(=O)O)C[C@H]12,505.54,7.32666666666666
CCCCCCCNC(=O)c1coc(C2C3CCC(O3)C2Cc2ccccc2CCC(=O)O)n1,468.65,6.69499999999999
CN(C)S(=O)(=O)c1ccc2oc(NC(Cc3ccc(F)cc3)c3ccccn3)nc2c1,440.54,8.47192307692307
c1ccc(Cc2ccc(OCCn3cnc4cncnc43)cc2)cc1,330.42,7.68418604651162
O=C(O)CCc1ccccc1CC1C2CCC(O2)C1c1nc(/C(S)=N/CCCCC2CCCCC2)co1,524.79,6.81545454545454
O=C(O)CC[C@H](CCCCNS(=O)(=O)c1ccc(Cl)cc1)CCCc1cccnc1,453.05,7.67881355932203
COC(=O)[C@@]1(C)CCC[C@]2(C)c3cc(O)c(OC)cc3C=C[C@@H]12,316.43,6.73255319148936
COc1ccc(-c2nc(C(C)C)sc2-c2ccc(OC)cc2)cc1,339.49,7.54422222222222
Cl.Cl.O=S(=O)(CCCOc1ccc2[nH]c3nc(O)nc-3cc2c1)N1CCN(Cc2ccc(Cl)cc2)CC1,588.99,9.06138461538461
CO[C@]1(c2cnc(S(=O)(=O)c3ccc(/C(C)=N/OCC#N)cc3)s2)CCO[C@@H](C)C1,449.6,8.48301886792452
N=C(N)Nc1ccc(C2NC(=O)N(CC(=O)N[C@@H](CC(=O)O)C(=O)N[C@H](C(=O)O)c3ccccc3)C2=O)cc1,539.56,8.43062499999999
COc1cc(-c2nn([C@H]3CC[C@H](N4CCN(C)CC4)CC3)c3ncnc(N)c23)ccc1NC(=O)c1cc2ccccc2[nH]1,579.779999999999,7.24724999999999
COC(=O)c1ccccc1OC(C)=O,194.2,8.09166666666666
O=C(O)COc1cccc(-c2ocnc2-c2nc(-c3ccccc3)c(-c3ccccc3)s2)c1,454.53,8.91235294117647
Oc1cc2c(cc1SCCc1ccccc1)OCC2,272.39,7.78257142857142
CC[C@@H]1/C=C(\C)C[C@H](C)C[C@H](OC)[C@H]2O[C@@](O)(C(=O)C(=O)N3CCCC[C@H]3C(=O)O[C@H](/C(C)=C/C3CC[C@@H](OCC(=O)Nc4cccnc4)[C@H](OC)C3)[C@H](C)[C@@H](O)CC1=O)[C@H](C)C[C@@H]2OC,926.279999999999,6.56936170212765
COC1(C(=N)/C=C(\O)OCc2ccc3ccccc3c2)CCOCC1,341.44,7.11333333333333
CC(=O)Oc1cc2c(c(C)c1OC(C)=O)CC=C1C(C)(C)C(=O)CCC12C,370.48,6.99018867924528
N=C(N)c1ccc(C2=NOC(CC(=O)NC[C@H](NS(=O)(=O)c3cccc4cccnc34)C(=O)O)C2)cc1.O=C(O)C(F)(F)F,638.64,9.25565217391304
COC1c2cc(C)c(C(=O)N=C(N)N)cc2S(=O)(=O)C1(C)C,325.43,7.93731707317072
N=C(N)Nc1ccc(C(=O)NCCC(=O)N[C@@H](CC(=O)O)C(=O)N[C@H](Cc2ccc(O)cc2)C(=O)O)cc1,528.58,8.00878787878787
CC(C)(C)Sc1c(CC(C)(C)C(=O)O)n(Cc2ccc(Cl)cc2)c2ccc(OCc3nc4ccccc4s3)cc12,593.26,8.12684931506849
CCCCOC(=O)N[C@@H](CNC(=O)C[C@H]1CC(c2ccc(C(=N)N)cc2)=NO1)C(=O)OC,447.55,7.33688524590163
CC(C)(C)c1nnc2ccc(-c3ocnc3-c3ccc(F)cc3F)cn12,354.39,8.43785714285714
O=C(Cc1ccsc1)c1ccc2nc3c(cc2c1)CCCO3,309.41,8.36243243243243
CC#CCC(C)[C@H](O)/C=C/[C@@H]1[C@H]2C/C(=C/CCCC(=O)O)C[C@H]2C[C@H]1O,360.54,6.21620689655172
COc1c(C)c2c(c(O)c1C/C=C(\C)CCC(=O)O)C(=O)OC2,320.37,7.45046511627906
O=C(CN1CCc2ccc(N3CCNCC3)cc2C1=O)NCC(NS(=O)(=O)c1ccccc1)C(=O)O,515.65,7.93307692307692
CC(C)(C)Sc1c(CC(C)(C)C(=O)O)n(Cc2ccc(Cl)cc2)c2ccc(OCc3ccc4cc(F)ccc4n3)cc12,605.219999999999,7.96342105263157
Cc1cc(COc2ccc(NC(=O)[C@H]3CN(C)CC[C@@H]3C(=O)NO)cc2)c2ccccc2n1,448.57,7.35360655737704
CN(CCC1CCNCC1)C(=O)c1ccc2c(c1)CC(CC(=O)O)C(=O)NC2,387.53,6.79877192982455
O=C(O)CCc1ccccc1CC1C2CCC(O2)C1c1nc(C(=O)CCCCCC2CCCCC2)co1,507.729999999999,6.50935897435897
COc1ccc(CN[C@@H](C(=O)N[C@H](C(=O)NCc2ccc(OC)cc2O)C(C)C)[C@H](O)[C@H](Cc2ccccc2)NC(=O)[C@@H](NC(=O)Cc2cccc3ccccc23)C(C)(C)C)cc1,860.159999999999,6.93677419354838
CCCc1c(OCCCOc2ccc(-c3c[nH]nn3)c(OC)c2CCC)ccc2c1OC(C(=O)O)CC2,509.66,7.0786111111111
COC(=O)[C@@]1(C)CCC[C@]2(C)c3cc(O)c(O)cc3C=CC12,302.4,6.87272727272727
CC(=O)N[C@@H](Cc1ccccc1)C(=O)N[C@@H](CCCN)C(=O)N1CCC[C@H]1C(=O)N[C@H](CC1CCCCC1)C(=O)N[C@@H](Cc1c[nH]c2ccccc12)C(=O)N[C@H](CCCN=C(N)N)C(=O)O,914.249999999999,6.87406015037593
CCOC(=O)N1c2ccc(C(F)(F)F)cc2[C@@H](N(Cc2cc(C(F)(F)F)cc(C(F)(F)F)c2)C(=O)OC)C[C@H]1CC,600.53,9.09893939393939
CSc1ccc(CCCCNC(=O)c2coc(C3C4CCC(O4)C3Cc3ccccc3CCC(=O)O)n2)cc1,548.76,7.31679999999999
O=C(O)CCc1ccccc1CC1C2CCC(O2)C1c1nc(C(=O)NCCC2CCCCC2)co1,480.66,6.76985915492957
CC(=O)N[C@H](CCCCN)C(=O)Nc1ccc(C(=O)N[C@@H](CC(=O)O)C(=O)O)cc1,422.49,7.54446428571428
O=C(C1COc2ccc(O)cc2O1)N1CCN(C(c2ccc(F)cc2)c2ccc(F)cc2)CC1,466.52,8.04344827586206
CC(C)(C)Sc1c(CC(C)(C)C(=O)O)n(Cc2ccc(Cl)cc2)c2ccc(OCc3ccc4c(n3)CCCC4)cc12,591.269999999999,7.39087499999999
Cl.O=C(NCCCOc1ccc2[nH]c3nc(O)nc-3cc2c1)N1CCNCC1,406.92,7.97882352941176
Nc1ncnc2c1ccn2[C@@H]1O[C@H](CO)[C@@H](O)[C@H]1O,266.29,8.06939393939393
Cc1c(CC(C)(C)C(=O)O)n(Cc2ccc(Cl)cc2)c2ccc(OCc3ccc4ccccc4n3)cc12,513.07,7.77378787878787
CCCc1c2c(cc(C(=O)OC)c1C(=O)OC)[C@@]1(C)CCC[C@](C)(C(=O)OC)C1C=C2,428.57,6.80269841269841
COC(=O)[C@@H](NC(=O)[C@H](CC(=O)O)NC(=O)CN1C(=O)NC(C)(c2ccc(C(=N)N)cc2)C1=O)c1ccccc1,552.6,8.12647058823529
N#Cc1cc(-c2ccoc2)c2ccc(COc3cccc(C4(O)CC5COC(C4)O5)n3)cc2c1,454.51,8.11624999999999
O=C1OCc2c1cc1cc(OCc3cccc(C4(O)CCOC(O)C4)c3)ccc1c2-c1ccccc1,482.56,7.78322580645161
CC(C)CC(=O)N[C@@H](CCCNC(=O)Cc1ccc(C(=N)N)cc1)CC(=O)O,390.54,6.73344827586206
COC1(c2cccc(OCc3ccc4ccccc4c3)c2)CCOCC1,348.47,6.96939999999999
O=C1NCCCC[C@@H](C(=O)NCC(=O)N2CCNCC2)NC(=O)[C@H](Cc2ccc(-c3cccc(C(F)(F)F)c3)cc2)[C@@H](C(=O)NO)CCCO1,704.829999999999,7.57881720430107
CC(C)C[C@H]1C(=O)N[C@H](C(=O)NCC(=O)N2CCOCC2)CCCCNC(=O)OCCC[C@@H]1C(=O)NO,527.699999999999,6.76538461538461
N=C(N)NCCCC(NC(=O)[C@@H]1CCCN1C(=O)[C@@H](CC1CCCCC1)NCC(=O)O)C(=O)c1nc2ccccc2s1,599.839999999999,7.22698795180722
CCN(C/C=C/C#CC(C)(C)C)Cc1cccc(OCC(C)(C)OCc2ccsc2)c1.Cl,476.18,6.80257142857142
COC(=O)c1cccc(OCCCOc2cc3c(cc2O)CCO3)c1,344.39,7.65311111111111
COc1ccc(-c2snnc2-c2ccc(SC)cc2)cc1,314.46,8.98457142857142
COc1ccc(C[C@H]2NC(=O)/C=C/C[C@@H]([C@H](C)[C@H]3O[C@@H]3c3ccccc3)OC(=O)[C@H](CC(C)C)OC(=O)[C@H](C)NC2=O)cc1Cl,641.219999999999,7.4560465116279
Cc1nc2ccc(COc3ccc4c(c3)c(SC(C)(C)C)c(CC(C)(C)C(=O)O)n4Cc3ccc(Cl)cc3)cc2s1,607.29,7.99065789473684
CCCCc1ccc2nc(NC(Cc3ccc(Cl)cc3)C(=O)OCC)sc2c1,417.01,7.86811320754716
OC1(c2nc(-c3ccc(F)cc3)c(-c3ccnc(NC4CCCCC4)n3)o2)CCNCC1,437.57,7.29283333333333
COc1ccc(-c2nc(CC(=O)[O-])sc2-c2ccc(OC)cc2)cc1.[Li+],361.371,8.60407142857142
CN(C(=O)CCCOc1ccc2c(c1)CN1CC(=O)NC1=N2)C1CCCCC1,384.53,6.86660714285714
CC(C)(C)Sc1c(CC(C)(C)C(=O)O)n(Cc2ccc(Cl)cc2)c2ccc(OCc3cccnc3)cc12,537.17,7.67385714285714
O=C(O)COc1cccc2c1CC[C@H](Cn1nc(C(c3ccccc3)c3ccccc3)ccc1=O)C2,480.6,7.50937499999999
CCCCS(=O)(=O)NC(CCCc1ccc2c(c1)c(=O)n(CCC1CCNCC1)c(=O)n2C)C(=O)O,522.739999999999,7.06405405405405
CC(C)(C)Sc1c(CC(C)(C)C(=O)O)n(Cc2ccc(Cl)cc2)c2ccc(OCc3ccncc3)cc12,537.17,7.67385714285714
N=C(N)c1ccc(C2=NOC(CC(=O)NC[C@H](NS(=O)(=O)c3cccc4nsnc34)C(=O)O)C2)cc1.O=C(O)C(F)(F)F,645.66,9.93323076923076
N#Cc1cc(-c2ccoc2)c2ccc(OCc3cccc(C4(O)CC5COC(C4)O5)n3)cc2c1,454.51,8.11624999999999
c1ccc(-c2csnn2)cc1,162.23,9.54294117647058
CCCCNC(=N)c1ccc(C2=NO[C@@H](CC(=O)NC[C@H](NC(=O)OCCCC)C(=O)O)C2)cc1,489.64,6.99485714285714
CC(C)[C@H](NC(=O)[C@H](CC(=O)O)NC(=O)CCCOc1ccc(C(=N)N)cc1)C(=O)O,436.52,7.3986440677966
O=C([O-])COc1cccc(C[C@@H]2CCC[C@H]3O[C@@]23c2nc(-c3ccccc3)c(-c3ccccc3)o2)c1.[Na+],503.561,7.99303174603174
CCC(CC)CN1CCN(S(=O)(=O)CCCOc2ccc3[nH]c4nc(O)nc-4cc3c2)CC1.Cl,512.14,7.53147058823529
O=C1NCc2c(-c3ccccc3Cl)cc(N3CCNCC3)cc2N1c1c(Cl)cccc1Cl,487.84,9.20452830188679
CC1(c2ccc(CN)cc2)NC(=O)N(CC(=O)N[C@@H](CC(=O)O)C(=O)N[C@H](C(=O)O)c2ccccc2)C1=O,525.57,8.0856923076923
O=C(O)Cc1cccc(CC2C3CCC(O3)C2c2nc(C(=O)NCCCCC3CCCCC3)co2)c1,494.689999999999,6.68499999999999
O=C(O)COc1ccccc1CC1C2CCC(O2)C1c1nc(C(=O)NCCCCC2CCCCC2)co1,510.689999999999,6.80919999999999
O=C(O)CSC(c1ccc(OCc2ccc3ccccc3n2)cc1)(c1ccc(OCc2ccc3ccccc3n2)cc1)c1cccs1,654.85,8.50454545454545
COc1ccc(C(=O)Nc2c(Cl)cncc2Cl)cc1OC1CCCC1,381.28,8.86697674418604
O=C1OCc2c1cc1cc(OCc3cccc(C4(O)CCOCC4)c3)ccc1c2-c1ccco1,456.52,7.87103448275861
CN(C)C(=O)c1ccc2oc(NC(CC3CCCCC3)c3ccccc3)nc2c1,391.56,6.75103448275861
CC(C)(C)Sc1c(CC(C)(C)C(=O)O)n(Cc2ccc(Cl)cc2)c2ccc(OCc3nc4ccccc4o3)cc12,577.189999999999,7.90671232876712
Cl.Oc1nc2cc3cc(OCCCc4nnnn4C4CCN(Cc5ccc(F)cc5)CC4)ccc3[nH]c-2n1,539.07,8.16772727272727
O=C(NC[C@H](NS(=O)(=O)c1ccccc1)C(=O)O)c1cc2sc(CCC3CCNCC3)cc2s1,521.74,8.55311475409835
COC(=O)C1CC2CC1CN2CCOc1ccc(Cc2ccccc2)cc1,365.51,6.7687037037037
CCCCOC(=O)N[C@@H](CNC(=O)c1cc(OCc2ccc(C(=N)N)cc2)no1)C(=O)O.O=C(O)C(F)(F)F,561.53,8.63892307692307
CN1CCC(O)(c2cn(-c3ccnc(NC4CCCC4)n3)c(-c3cccc(C(F)(F)F)c3)n2)CC1,486.6,7.60312499999999
CCC#CC[C@H](C)[C@H](O)C#CC1[C@H]2C/C(=C/COCC(=O)O)CC2C[C@H]1O,374.52,6.57052631578947
Nc1cccc(CCc2ccc(C(=O)NC[C@H](NS(=O)(=O)c3ccccc3)C(=O)O)cc2)n1,468.58,8.22070175438596
CC(C)CN1CCC(n2nnnc2CCCOc2ccc3[nH]c4nc(O)nc-4cc3c2)CC1.Cl,487.07,7.49338461538461
CC(CCC(=O)[O-])(c1ccc(OCc2ccc3ccccc3n2)cc1)c1ccc(OCc2nc3ccccc3s2)cc1.[Na+],596.721,8.28779166666666
CC(=O)O/N=C(\C)c1ccc(Sc2cc(F)cc(C3CCOCC3)c2)cc1,387.51,7.90836734693877
CO[C@H]1CC[C@@H](C(=O)c2ccc3nc4c(cc3c2)CCCCC4)CC1,337.5,6.49038461538461
c1ccc(-c2nc(-c3ncoc3-c3cccc(OCc4nn[nH]n4)c3)oc2-c2ccccc2)cc1,462.5,8.72641509433962
C=Cc1cn(COC(CO)CO)c(=O)[nH]c1=O,242.26,7.81483870967741
OCc1cc(-c2ccccc2)c2ccc(OCc3cccc(C4(O)CCOCC4)c3)cc2c1,440.57,7.22245901639344
CC(=O)Oc1cccc2c1-c1nn(-c3ccccc3)c(=O)c3cccc(c13)C2=O,382.39,8.89279069767441
C[C@H](Nc1nccc(-c2[nH]c(C3(O)CCN(C)CC3)nc2-c2ccc(F)cc2)n1)c1ccccc1,472.62,7.38468749999999
N#Cc1c(Cl)ccc(NC(=O)Nc2ccccc2Br)c1O,366.61,12.2203333333333
Cl.Oc1nc2cc3cc(OCCCCc4nnnn4C4CCNCC4)ccc3[nH]c-2n1,444.98,7.94607142857142
CNC(=O)C(CC1CCCCC1)Nc1nc2cc(C)ccc2o1,315.46,6.57208333333333
O=C(O)CC(CCCCNS(=O)(=O)c1ccc(Cl)cc1)CCCc1cccnc1,439.02,7.83964285714285
Nc1cccc(OC(=O)c2ccncc2)c1,214.24,8.23999999999999
CCCCNC(=O)N[C@@H](CNC(=O)c1ccc2c(c1)C(=O)N(CCC1CCNCC1)C2)C(=O)O,473.64,6.86434782608695
O=C(NC[C@H](NS(=O)(=O)c1cccnc1)C(=O)O)c1cc2cc(CCC3CCNCC3)sc2s1,522.73,8.71216666666666
CC[C@@H]1/C=C(\C)C[C@H](C)C[C@H](OC)[C@H]2O[C@@](O)(C(=O)C(=O)N3CCCC[C@H]3C(=O)O[C@H](/C(C)=C/C3CC[C@@H](OCC(=O)N(C)Cc4ccccc4)[C@H](OC)C3)[C@H](C)[C@@H](O)CC1=O)[C@H](C)C[C@@H]2OC,953.349999999999,6.44155405405405
O=C(N[C@@H](CCC(=O)N1CCN(c2cccc(NC3=NCCCN3)c2)CC1)C(=O)O)OCc1ccccc1,522.67,7.25930555555555
Cc1ccc(S(=O)(=O)N[C@H]2CC/C(=N\OCc3ccc(C(F)(F)F)cc3)[C@@H]2C/C=C\CCCC(=O)O)cc1,552.67,8.00971014492753
COC(=O)c1cc2c(cc1OC)C=C[C@H]1[C@@](C)(C(=O)OC)CCC[C@]21C,358.47,6.89365384615384
CCC(NC(=O)c1ccc(C(=N)N)cc1)C(C)(C)C(=O)N1CCC(CC(=O)O)CC1,416.58,6.71903225806451
COc1ccc(C[C@H]2NC(=O)[C@H](CC(=O)O)NC(=O)CNC(=O)[C@H](CCCN=C(N)N)NC(=O)[C@H]3CCCN3C(=O)[C@H](CC(N)=O)NC(=O)[C@H](C)SSC[C@@H](C(N)=O)NC(=O)[C@H](CCCN=C(N)N)NC2=O)cc1,1079.39,7.70992857142857
O=C(O)COc1cccc2c1CCC(Cn1cc(C(c3ccccc3)c3cccnc3)cn1)C2,453.58,7.43573770491803
O=C1NCc2c(-c3ccccc3Cl)cc(OC3CCNCC3)cc2N1c1c(Cl)cccc1Cl,502.85,9.14272727272727
COc1cc(-c2nn([C@H]3CC[C@H](N4CCN(C)CC4)CC3)c3ncnc(N)c23)ccc1NC(=O)c1cc2ccccc2n1C,593.809999999999,7.15433734939758
COc1ccc(-c2nc(CC(N)=O)sc2-c2ccc(OC)cc2)cc1,354.46,8.24325581395348
N=C(N)c1ccc(CC(=O)N[C@H]2CCN([C@@H](CC(=O)O)C(=O)N[C@@H](CC34CC5CC(CC(C5)C3)C4)C(=O)O)C2=O)cc1.O=C(O)C(F)(F)F,695.769999999999,7.8176404494382
N=C(N)c1ccc(C2=NOC(CC(=O)NC[C@H](NS(=O)(=O)c3ccc(Br)cc3)C(=O)O)C2)cc1.O=C(O)C(F)(F)F,666.48,10.41375
CC[C@H](C)[C@H]1NC(=O)[C@H](NC(C)=O)CSSC[C@H](C(N)=O)NC(=O)[C@@H](CCCN=C(N)N)NC(=O)[C@H](Cc2ccc(OC)cc2)NC(=O)[C@@H](CC(=O)O)NC(=O)CNC(=O)[C@@H](CCCN=C(N)N)NC(=O)[C@@H]2CCCN2C1=O,1135.51,7.47046052631578
COc1cc(-c2nn([C@H]3CC[C@H](N4CCN(C)CC4)CC3)c3ncnc(N)c23)ccc1NCc1ccco1,516.719999999999,6.9827027027027
CCCCc1ccc(/N=C/NO)c(C)c1,206.32,6.25212121212121
Cl.O=S(=O)(CCCOc1ccc2[nH]c3nc(O)nc-3cc2c1)C1CCN(CCC2CCCCC2)CC1,537.189999999999,7.35876712328766
COc1ccc(-c2c3c(cc4cc(OCc5cccc(C6(O)CCOCC6)c5)ccc24)C(=O)OC3)cc1,496.59,7.63984615384615
CO/N=C(\C)c1ccc(Sc2cc(F)cc(C3CCOCC3)c2)cc1,359.5,7.64893617021276
CCc1cc2cc(C(=O)C[C@H]3CC[C@@H](OC)CC3)ccc2nc1C,325.49,6.38215686274509
CC(=O)Nc1ccc2oc(NC(CC3CCCCC3)c3ccccc3)nc2c1,377.53,6.86418181818181
CC(COc1ccc2c(c1)c(SC(C)(C)C)c(CC(C)(C)C(=O)O)n2Cc1ccc(Cl)cc1)c1ccccn1,565.229999999999,7.43723684210526
O=C(O)CCCc1ccccc1CC1C2CCC(O2)C1/C=N/NC(=O)Nc1ccccc1,435.57,7.14049180327868
CCCCS(=O)(=O)N[C@@H](CNC(=O)c1cc2n(n1)CCN(CCC1CCNCC1)C2=O)C(=O)O,498.68,7.3335294117647
N=C(N)c1ccc(C(=O)Nc2ccc3c(c2)CCC(CC(=O)O)C3=O)c(F)c1,383.41,8.33499999999999
O=C(O)c1cc(-c2ccccc2)c2ccc(OCc3cccc(C4(O)CCOCC4)c3)cc2c1,454.55,7.57583333333333
O=C(O)CCC(CCCCNS(=O)(=O)c1ccc(F)cc1)CCCc1cccnc1,436.6,7.39999999999999
NC(=O)N(O)C/C=C/c1cccc(Oc2ccccc2)c1,284.34,7.68486486486486
O=C(O)COc1cccc(C[C@@H]2CCCC3OC32c2nc(-c3ccccc3)c(-c3ccccc3)o2)c1,481.58,7.64412698412698
CCOc1ccc2c(c1)SC1=NS(=O)(=O)C(C(=O)CS(=O)(=O)Nc3nc4ccc(OCC)cc4s3)=C(O)N12,596.74,10.2886206896552
COc1ccc(C[C@H]2NC(=O)/C=C/C[C@@H]([C@H](C)[C@H]3O[C@@H]3c3ccccc3)OC(=O)[C@H](CC(C)C)OC(=O)C[C@@H](Cc3ccccc3)NC2=O)cc1Cl,731.349999999999,7.38737373737373
O=C(O)c1ccc(S(=O)(=O)N[C@@H](CNC(=O)c2ccc3c(c2)C(=O)N(CCC2CCNCC2)C3)C(=O)O)cc1,558.67,8.09666666666666
C=CCCSCC1C2CCC(O2)C1C/C=C\CCCC(=O)O,324.53,6.49059999999999
C/C(=N\O)c1ccc(Sc2cc(F)cc(C3CCOCC3)c2)cc1,345.47,7.8515909090909
O=C(O)C[C@H](C#Cc1ccccc1)NC(=O)[C@@H]1CCCN(C(=O)CCC2CCNCC2)C1,439.61,6.76323076923076
N=C(N)c1ccc(C(=O)Nc2ccc3c(c2)CCC(CC(=O)O)C3)cc1,351.44,7.47744680851063
O=C([C@H](Cc1ccc(OS(=O)(=O)c2cccc3cnccc23)cc1)NS(=O)(=O)c1cccc2cnccc12)N1CCN(c2ccc(F)cc2)CC1,725.879999999999,8.74554216867469
CC(C)[C@H](NC(=O)[C@H](CO)NC(=O)[C@H](Cc1c[nH]cn1)NC(=O)[C@H](CCCCN)NC(=O)[C@H](Cc1ccc(O)cc1)NC(=O)[C@@H](N)CCCCN)C(=O)N[C@H](C(=O)N[C@@H](CCCCN)C(=O)N[C@@H](CCCCN)C(=O)NCCCCC(=O)NCC(=O)NCC(=O)NCC(=O)NCC(=O)N[C@@H](Cc1ccccc1)C(=O)N[C@@H](CCCCN)C(=O)N1CCC[C@H]1C(=O)N[C@H](CC1CCCCC1)C(=O)N[C@@H](Cc1c[nH]c2ccccc12)C(=O)N[C@H](CCCNC(=N)N)C(=O)O)C(C)C,2312.17000000003,6.8005000000001
O=c1cc(-c2ccoc2)c2ccc(OCc3cccc(C4(O)CC5COC(C4)O5)n3)cc2n1Cc1ccccc1,536.62,7.89147058823529
N#Cc1nccc2c1ncn2CCOc1ccc(Cc2ccccc2)cc1,354.44,7.87644444444444
COc1cccc2c1C(=O)C1=C(C2=O)C(O)C2C[C@@](O)(C(=O)CO)C[C@H](OC3CC(N)C(O)C(C)O3)C2C1O.Cl,584.07,7.89283783783783
O=C(Cc1ccccc1)c1ccc2nc3c(cc2c1)CCCO3,303.38,7.58449999999999
CC(C)N1CCC(Nc2nc(-c3ccccc3Cl)c3c(n2)N(c2c(Cl)cccc2Cl)C(=O)NC3)CC1,545.94,8.66571428571428
CC(C)(C)Sc1c(CC(C)(C)C(=O)O)n(Cc2ccc(Cl)cc2)c2ccc(OCc3ccc4cc(F)c(F)cc4n3)cc12,623.209999999999,8.20013157894736
COc1ccc(-c2csnn2)cc1,192.26,9.15523809523809
Br.CC(OC(=O)CN1Cc2cc(OCCCC(=O)N(C)C3CCCCC3)ccc2N=C1N)c1ccccc1,587.619999999999,7.63142857142856
COc1ccc2c(Cc3c(Cl)cncc3Cl)nnc(Oc3ccccc3)c2c1,412.29,9.58813953488371
CC(C)(C)Sc1c(CC(C)(C)C(=O)O)n(Cc2ccc(Cl)cc2)c2ccc(OCc3cccc(Cl)n3)cc12,571.61,8.16585714285714
Fc1cc(Sc2ccc3c(c2)CC/C3=N\OCc2ccncc2)cc(C2CCOCC2)c1,448.6,7.87017543859649
CCc1cc2cc(C(=O)C3CCC(OC)CC3)ccc2nc1CC,325.49,6.38215686274509
C#C[C@H](CC(=O)O)NC(=O)c1cc2n(n1)CCN(CCC1CCNCC1)C2=O,387.49,7.31113207547169
CC(C1CC1)N1CCC(c2cc(-c3ccc(F)cc3Cl)c3c(c2)N(c2c(Cl)cccc2Cl)C(=O)NC3)CC1,572.97,8.55179104477611
COc1ccc(CC(Nc2nc3cc([N+](=O)[O-])ccc3o2)c2ccccn2)cc1,390.43,8.30702127659574
CC(C)c1ccc2oc(NC(CC3CCCCC3)c3ccccc3)nc2c1,362.56,6.36070175438596
CCCc1ccc(S(=O)(=O)N[C@@H](CNC(=O)CC2CC(c3ccc(C(=N)N)cc3)=NO2)C(=O)O)cc1.O=C(O)C(F)(F)F,629.68,8.62575342465753
Cl.Oc1nc2cc3cc(OCCCCc4nnnn4C4CCN(Cc5ccccc5)CC4)ccc3[nH]c-2n1,535.11,7.75521739130434
COc1cc(-c2nn([C@H]3CC[C@H](N4CCN(C)CC4)CC3)c3ncnc(N)c23)ccc1NC(=O)OCc1ccccc1,570.769999999999,7.13462499999999
O=C(O)CC/C=C/c1c(Cc2cccnc2)ccc2c1CCC(NS(=O)(=O)c1ccc(Cl)cc1)C2,511.08,8.24322580645161
OC[C@H](Nc1ncnc2ccccc12)c1ccccc1,265.34,7.58114285714285
C[C@H](NC(=O)[C@H](CS)NC(=O)CNC(=O)[C@H](CCCCN)NC(=O)[C@H](CCCCN)NC(=O)CNC(=O)CNC(=O)[C@H](CCCCN)NC(=O)CNC(=O)CNC(=O)[C@H](CCCCN)NC(=O)[C@H]1CSCC(=O)N[C@@H](Cc2ccc(O)cc2)C(=O)N[C@H](CSCCCN)C(=O)NCC(=O)N[C@H](CC(=O)O)C(=O)N1)C(N)=O,1628.19,7.36737556561085
O=C(NC[C@H](NS(=O)(=O)c1cccnc1)C(=O)O)c1ccc2c(c1)C(=O)N(CCC1CCNCC1)C2,515.65,7.93307692307692
O=C(O)CCC/C=C/CC1C2CCC(O2)C1CNNC(=O)Cc1ccccc1,386.54,6.66448275862068
CNC(=O)OCc1c2c(n(C)c1COC(=O)NC)C(O)=C(C)C(=N)C2=O,364.4,7.92173913043478
O=C(NC[C@H](NS(=O)(=O)c1ccccc1)C(=O)O)c1cc2cc(CCC3CCNCC3)sc2s1,521.74,8.55311475409835
CNC(=O)OCc1c2c(n(C)c1COC(C)=O)C(O)=C(C)C(=N)C2=O,349.38,7.94045454545454
Cl.Cl.O.c1ccc(-c2ccnc(Nc3cccc(-n4ccnc4)c3)n2)nc1,405.32,9.0071111111111
Oc1cc2c(cc1CCCNc1ccccc1)OCC2,269.37,6.90692307692307
COc1cc(C(=O)NS(=O)(=O)c2ccccc2C)ccc1Cc1cn(C)c2ccc(NC(=O)OC3CCCC3)cc12,575.739999999999,7.78027027027026
CC(C)(Nc1ccc(C(Cc2cc[n+]([O-])cc2)c2ccc(OC(F)F)c(OC(F)F)c2)cn1)c1ccccc1,541.59,8.20590909090908
CCCCNC(=N)c1ccc(C2=NO[C@@H](CC(=O)NC[C@H](NS(=O)(=O)c3ccccc3C)C(=O)O)C2)cc1,543.71,7.65788732394366
CC(C)c1ccc(Cn2ccc3c4c(N)nc(N(C)C5CC5)nc4ccc32)cc1,385.56,6.88499999999999
N=C(N)c1ccc(C2=NOC(CC(=O)NC[C@H](NS(=O)(=O)c3ccc(C(F)(F)F)cc3)C(=O)O)C2)cc1.O=C(O)C(F)(F)F,655.59,9.78492537313432
CC(=O)c1ccc(/C=C/Cc2cc3c(cc2O)CCO3)cc1,294.37,7.35924999999999
c1ccc(Cc2ccc(OCCn3cncc4ncnc3-4)cc2)cc1,330.42,7.68418604651162
CCCCS(=O)(=O)NC(CCCc1ccc2c(c1)c(=O)n(CCC1CCNCC1)c(=O)n2Cc1ccccc1)C(=O)O,598.839999999999,7.12904761904761
CCCCC[C@H](O)/C=C/C1C(=O)C[C@H](O)[C@@H]1CCCCCCC(=O)O,354.54,6.00915254237287
CN(C)CCNC(=O)c1ccc(NCCCN(C)CCCNc2ccc(C(=O)NCCN(C)C)c3nc4ccccc4cc23)c2cc3ccccc3nc12,728.049999999999,6.80420560747663
O=C(c1cc(-c2ccccc2Cl)c2c(c1)N(c1c(Cl)cccc1Cl)C(=O)NC2)N1CCNCC1,515.85,9.3790909090909
CC(=O)Oc1cc2c(c(C)c1OC(C)=O)CC=C1C(C)(C)[C@H](OC(C)=O)CC[C@]12C,414.54,6.90899999999999
CN(C)c1cccc2c(S(=O)(=O)N[C@@H](CNC(=O)c3ccc4c(c3)C(=O)N(CCC3CCNCC3)C4)C(=O)O)cccc12,607.8,7.59749999999999
CCOC(=O)CC1CCN(C(=O)C(C)(C)C(CC)NC(=O)c2ccc(C(=N)N)cc2F)CC1,462.63,6.80338235294117
Cl.O=C(O)CCCCCC(CNS(=O)(=O)c1ccc(-c2ccc3ccccc3c2)cc1)c1cccnc1,539.14,7.9285294117647
O=C([O-])C1CCC(c2ccc(OCc3ccc4ccccc4n3)cc2)(c2ccc(OCc3ccc4ccccc4n3)cc2)CC1.[Na+],616.730999999999,7.80672151898733
COc1ccc(CCCCNC(=O)c2coc(C3C4CCC(O4)C3Cc3ccccc3CCC(=O)O)n2)cc1,532.689999999999,7.10253333333333
CC1Cc2c(OCc3ccc(-c4ccccc4)cn3)ccc3c2c(c(CC(C)(C)C(=O)O)n3C(=O)c2ccccc2)S1,576.76,7.79405405405405
CCCC(NC(=O)c1ccc(C(=N)N)cc1)C(C)(C)C(=O)N1CCC(CC(=O)O)CC1,430.61,6.62476923076922
N#Cc1ccc2oc(NC(CC3CCCCC3)c3ccccc3)nc2c1,345.48,7.05061224489795
O=C(NCCCCC1CCCCC1)c1coc(C2C3CCC(O3)C2Cc2ccccc2C(=O)O)n1,480.66,6.76985915492957
O=[N+]([O-])c1ccc(NN=C(c2ccc(O)cc2O)c2ccc(O)cc2O)c([N+](=O)[O-])c1,426.37,9.47488888888888
CN(C)C(=O)/C=C/C1=CN2C(=O)c3cc4c(cc3NC(S(=O)(=O)[O-])[C@@H]2C1)OCO4.[Na+],443.451,9.2385625
CCC/C(C[C@H]1CCc2c(cccc2OCC(=O)O)C1)=N\OC(c1ccccc1)c1ccccc1,471.64,6.93588235294117
N=C(N)c1ccc(N2CCN([C@H]3CC[C@](O)(CC(=O)O)CC3)CC2)cc1,360.51,6.6761111111111
O=C(CNC(=O)c1ccc(NC(=O)NCc2ccccc2)o1)NC[C@H](NC(=O)OCc1ccccc1)C(=O)O,537.58,8.14515151515151
COc1ccc2c(Cc3c(Cl)cncc3Cl)nnc(N3CCOCC3)c2c1,405.31,9.00688888888888
CCCc1c(OCCCOc2ccc(C(=O)NC)c(OC)c2CC2CC2)ccc2c1O[C@@H](CCC(=O)O)CC2,539.729999999999,6.74662499999999
COC(=O)CC1CC2CC1CN2CCOc1ccc(Cc2ccccc2)cc1,379.54,6.65859649122806
O=C(O)Cc1ccc2c(c1)[C@H]1C[C@@H](O)[C@H](C#C[C@@H](O)C3CCCCC3)[C@H]1C2,368.51,6.70018181818181
Cl.O=S(=O)(CCCOc1ccc2[nH]c3nc(O)nc-3cc2c1)N1CCN(Cc2ccc(F)cc2)CC1,536.08,8.50920634920634
CCCC[C@@H](NC(=O)OC(C)(C)C)C(=O)Nc1ccc(C(=O)O)c(-c2ccc(O)cc2)c1,442.56,7.13806451612903
COCC(Cc1ccc(F)cc1)Nc1nc2cc(C(C)C)ccc2o1,342.45,7.13437499999999
O=C(CCc1ccccc1)c1ccc2nc3c(cc2c1)CCCO3,317.41,7.38162790697674
CC[C@@H]1/C=C(\C)C[C@H](C)C[C@H](OC)[C@H]2O[C@@](O)(C(=O)C(=O)N3CCCC[C@H]3C(=O)O[C@H](/C(C)=C/C3CC[C@@H](OCC(=O)Nc4ccc(Cl)c(Cl)c4)[C@H](OC)C3)[C@H](C)[C@@H](O)CC1=O)[C@H](C)C[C@@H]2OC,994.169999999999,7.00119718309859
C=CCCS(=O)(=O)N[C@@H](CNC(=O)c1cc2n(n1)CCN(CCC1CCNCC1)C2=O)C(=O)O,496.66,7.52515151515151
OC1CCN(CCOc2ccc(Cc3ccccc3)cc2)C1,297.43,6.60955555555555
Cc1noc(C)c1S(=O)(=O)N[C@@H](CNC(=O)C[C@H]1CC(c2ccc(C(=N)NCc3cccc(F)c3)cc2)=NO1)C(=O)O,600.69,8.46042253521126
OC1(c2cccc(COc3ccc4c(-c5ccoc5)cc(C5=NCCS5)cc4c3)c2)CCOCC1,485.64,7.83290322580644
COC1(C(=N)/C=C(\O)OCc2ccc3c(c2)OCC(=O)N3C)CCOCC1,376.45,7.3813725490196
O=C(O)CCC/C=C\C[C@H]1CCC[C@@H]1NS(=O)(=O)c1ccccc1,351.51,7.17367346938775
Cn1nnnc1-c1cc(-c2ccccc2)c2ccc(OCc3cccc(C4(O)CCOCC4)c3)cc2c1,492.62,7.57876923076922
Oc1cc2c(cc1OCCc1ccccc1)OCC2,256.32,7.32342857142857
Cc1ccccc1Cc1ccc2c(c1CCC(=O)O)CCC(NS(=O)(=O)c1ccc(Cl)cc1)C2,498.08,8.03354838709677
C[C@H](Nc1cc(-c2oc(C3(O)CCN(C)CC3)nc2-c2ccc(F)cc2)ccn1)c1ccccc1,472.61,7.38453124999999
CCOC(=O)C(Cc1ccc(Br)cc1)Nc1nc2ccccc2s1,405.34,9.88634146341463
CCCCc1ccc(N/C=N/O)cc1,192.29,6.40966666666666
CCCOc1c(OC)cc([C@@H]2CC[C@@H](c3cc(OC)c(OC)c(OC)c3)O2)cc1S(=O)(=O)CCO,510.66,7.40086956521739
CCCCOC(=O)N[C@@H](CNC(=O)c1ccc2[nH]c(-c3ccc(C(=N)N)cc3)nc2c1)C(=O)O,466.55,7.77583333333333
O=[N+]([O-])c1ccc(/N=N/c2c3ccccc3c3c4c(cccc24)NN3)c([N+](=O)[O-])c1,400.38,9.53285714285714
CNCSC[C@H](NC(=O)[C@H]1CSCC(=O)N[C@@H](Cc2ccc(O)cc2)C(=O)N[C@H](CSCCCN)C(=O)NCC(=O)N[C@H](CC(=O)O)C(=O)N1)C(=O)NCC(=O)N[C@@H](CC(=O)O)C(=O)N[C@@H](Cc1ccccc1)C(=O)N[C@@H](CCCCN)C(=O)N[C@@H](CSCNC(C)=O)C(=O)NCC(=O)N[C@@H](CSCNC(C)=O)C(N)=O,1655.19,7.88185714285714
COC(=O)[C@@H](CC1CCCCC1)Nc1nc2ccccc2o1,302.41,6.87295454545454
CC(=O)N[C@@H](Cc1ccccc1)C(=O)N[C@H]1CCCCNC(=O)[C@@H](CCN=C(N)N)NC(=O)[C@H](Cc2c[nH]c3ccccc23)NC(=O)[C@@H](CC2CCCCC2)NC(=O)[C@@H]2CCCN2C1=O,896.229999999999,6.89407692307692
N=C(N)c1ccc(-c2ccc([C@]3(O)CC[C@@](O)(CC(=O)O)CC3)cn2)cc1,369.46,7.38919999999999
CN1CCC(O)(c2nc(-c3ccc(F)cc3)c(-c3ccncc3)o2)CC1,353.43,7.68326086956521
C=CCc1c2c(cc(C(=O)OC)c1C(=O)OC)[C@@]1(C)CCC[C@](C)(C(=O)OC)C1CC2,428.57,6.80269841269841
CC(C)[C@H](NC(=O)[C@H](CC(=O)O)NC(=O)CCCOc1ccc(C(=N)N)cc1)C(=O)N1CCOCC1,505.64,7.12169014084506
O=Cc1ccccc1/C=C/Cc1cc2c(cc1O)CCO2,280.34,7.57675675675675
O=C(O)CCc1ccccc1CC1C2CCC(O2)C1c1nc(C(=O)NCCCCc2ccccc2)co1,502.66,7.07971830985915
O=[N+]([O-])c1ccc(N/N=C(\c2ccccc2)c2ccc(O)cc2)c([N+](=O)[O-])c1,378.37,9.00880952380952
N=C(N)c1ccc(C(=O)Nc2ccc3c(c2)NC(CC(=O)O)C(=O)N(CCc2ccccc2)C3)cc1,485.59,7.70777777777777
CCOc1ccc(-c2nc(-c3cc(OC(C)=O)cc(OC(C)=O)c3)cs2)cc1OCC,441.54,8.17666666666666
Cc1ccc(NS(=O)(=O)N[C@@H](CNC(=O)CC2CC(c3ccc(C(=N)N)cc3)=NO2)C(=O)O)cc1.O=C(O)C(F)(F)F,616.64,8.93681159420289
CCCCC[C@H](O)C/C=C1/C(=O)C[C@H](O)[C@@H]1C/C=C\CCCC(=O)O,352.52,6.18456140350877
CN(CCC1CCNCC1)C(=O)c1ccc2c(c1)CC(CC(=O)O)C(=O)N(CCc1ccccc1)C2,491.689999999999,6.73547945205479
COc1ccc(-c2nc(C(F)(F)F)sc2-c2ccc(OC)cc2)cc1,365.4,9.36923076923076
CS/C(=N\O)c1ccc(Sc2cc(F)cc(C3CCOCC3)c2)cc1,377.54,8.38977777777777
CCCCC[C@H](O)/C=C/C1C(=O)CC[C@@H]1C/C=C\CCCC(=O)O,336.52,6.00928571428571
C=C1c2cc(C)c(C(=O)N=C(N)N)cc2S(=O)(=O)C1(C)C,307.41,8.08973684210526
CC(C)COC(=O)N[C@@H](CCC(=O)N1CCN(c2cccc(NC3=NCC(O)CN3)c2)CC1)C(=O)O,504.66,7.00916666666666
N#Cc1ccc(NC(=O)Nc2ccccc2Br)c2nn[nH]c12,357.19,11.5222580645161
CCCCCCCCCCNC(=O)c1coc(C2C3CCC(O3)C2Cc2ccccc2CCC(=O)O)n1,510.739999999999,6.46506329113923
N/C(=N/Cc1ccccc1)c1ccc(C2=NOC(CC(=O)NCCC(=O)O)C2)cc1,408.5,7.56481481481481
CC(C)CC(=O)N[C@H](CCCCNC(=O)c1ccc(C(=N)N)cc1)CC(=O)O,390.54,6.73344827586206
CC(=O)NCCCC[C@@H](NC(C)=O)C(=O)Nc1ccc(C(=O)N[C@@H](CC(=O)O)C(=O)O)cc1,464.53,7.61524590163934
c1ccc(Cc2ccc(OCCN3CCCC3)cc2)cc1,281.43,6.39613636363636
CCC(C)(C)NC(=O)c1coc(C2C3CCC(O3)C2Cc2ccccc2CCC(=O)O)n1,440.59,6.88421874999999
Cl.O=S(=O)(CCCOc1ccc2[nH]c3nc(O)nc-3cc2c1)N1CCN(CCc2ccccc2)CC1,532.12,8.06242424242424
N=C(c1ccc(C(=O)Nc2ccc3c(c2)CC(CC(=O)O)CO3)cc1)N1CCOCC1,423.51,7.56267857142856
N#Cc1cc2cc(OCc3cccc(C4(O)CC5COC(C4)O5)n3)ccc2c(-c2ccoc2)n1,455.5,8.28181818181818
O=C(c1cccnc1)c1cc(-c2ccoc2)c2ccc(OCc3cccc(C4(O)CCOCC4)c3)cc2c1,505.6,7.77846153846153
Cl.O=C(NCCCOc1ccc2[nH]c3nc(O)nc-3cc2c1)N1CCN(CCC2CCCCC2)CC1,517.139999999999,7.08410958904109
CC(O)(c1ccc(OCc2ccc3ccccc3n2)cc1)c1ccc(OCc2ccc3ccccc3n2)cc1,512.64,7.65134328358208
Cl.O=S(=O)(CCCOc1ccc2[nH]c3nc(O)nc-3cc2c1)N1CCN(CCC2CCCCC2)CC1,538.18,7.47472222222222
CCCCS(=O)(=O)NC(CC#Cc1ccc2c(c1)c(=O)n(CCC1CCNCC1)c(=O)n2Cc1ccncc1)C(=O)O,595.789999999999,7.54164556962025
O=C(NC[C@H](NS(=O)(=O)c1cccnc1)C(=O)O)c1cc2cc(OCC3CCNCC3)ccc2[nH]1,501.62,8.09064516129031
Cc1c(C)c(CO)c(C)c(C(CCCCCC(=O)O)c2ccc(F)cc2)c1O,388.52,6.81614035087719
COc1cc(C(=O)N(C(C)C)C(C)C)ccc1OCCCCCOc1ccc(C(=N)N)cc1,455.66,6.50942857142856
CO[C@]1(c2cc(F)cc(S(=O)(=O)c3ccc(/C(C)=N/OCC#N)cc3)c2)CCO[C@@H](C)C1,460.57,8.08017543859649
COc1ccc(-c2nnsc2-c2ccc(OC)cc2)cc1,298.39,8.52542857142857
COc1cc(-c2nn([C@H]3CC[C@H](N4CCN(C)CC4)CC3)c3ncnc(N)c23)ccc1NC(=O)c1ccccc1,540.739999999999,7.11499999999999
CC#CCC(C)[C@H](O)/C=C/[C@H]1[C@H](O)C[C@]2(C#CCCCI)C/C(=C/CCCC(=O)O)C[C@H]12,552.54,8.00782608695651
CO[C@]1(c2cc(F)cc(OCc3ccc4c(ccc(=O)n4C)c3)c2)CCO[C@@H](C)C1,411.51,7.34839285714285
Nc1cccc2c1CN(C1CCC(=O)NC1=O)C2=O,259.29,8.1028125
O=C(Nc1ccc(-n2nc(C(F)(F)F)cc2Cl)cc1)c1ccncc1F,384.74,10.9925714285714
CCc1cc(-c2ccccc2)c2ccc(OCc3cccc(C4(O)CCOCC4)c3)cc2c1,438.6,6.96190476190475
COc1ccc(-c2ccc(C(N)=O)cc2)cc1O[C@H]1CC2CCC1C2,337.45,7.03020833333333
CC1(C)Oc2ccc(OCc3nc4cc(F)c(F)cc4s3)cc2[C@H](O)[C@@H]1Cc1cccc(NS(=O)(=O)C(F)(F)F)c1,614.66,9.60406249999999
C[C@H](Nc1ncnc2ccccc12)C1CCCCC1,255.4,6.38499999999999
COc1ccc2c(Nc3c(Cl)cncc3Cl)nncc2c1OC1CCCC1,405.31,9.00688888888888
CCN1CCC(c2cc(-c3ccc(F)cc3Cl)c3c(c2)N(c2c(Cl)cccc2Cl)C(=O)NC3)CC1,532.9,8.88166666666666
Cl.O=S(=O)(CCCOc1ccc2[nH]c3nc(O)nc-3cc2c1)N1CCN(Cc2cccc(C(F)(F)F)c2)CC1,586.089999999999,8.88015151515151
CCC(NC(=O)c1ccc(C(=N)N)cc1F)C(C)(C)C(=O)N1CCC(CC(=O)O)CC1,434.57,7.00919354838709
CCCCOc1cc2c(cc1O)CCO2,208.28,6.71870967741935
CCCCS(=O)(=O)NC(CCCc1ccc2c(c1)c(=O)n(CCC1CCNCC1)c(=O)n2Cc1ccncc1)C(=O)O,599.829999999999,7.22686746987951
CC(CC(=O)O)(c1ccc(OCc2ccc3ccccc3n2)cc1)c1ccc(OCc2ccc3ccccc3n2)cc1,554.68,7.70388888888888
O=[N+]([O-])c1ccc(NN=c2c3ccccc3[s+]([O-])c3ccccc23)c([N+](=O)[O-])c1,408.42,9.96146341463414
COC(=O)c1cc2c(cc1OC)[C@@]1(C)CCC[C@](C)(C(=O)OC)[C@@H]1C=C2,358.47,6.89365384615384
CC(=O)c1ccc2c(c1)/C(=N\Nc1ccc([N+](=O)[O-])cc1[N+](=O)[O-])c1ccc(C(C)=O)cc1-2,444.43,9.07
CCCCS(=O)(=O)N[C@@H](CCC(=O)N1CCC(CCCC2CCNCC2)CC1)C(=O)O,459.729999999999,6.38513888888888
O=C(O)CCc1ccccc1CC1C2CCC(O2)C1c1nc(C(=O)NCCCCc2ccc(Cl)cc2)co1,537.1,7.56478873239436
O=C(Nc1ccc(-n2nc(C(F)(F)F)cc2OC(F)F)cc1)c1ccncc1F,416.31,10.6746153846154
CCCCC[C@H](O)/C=C/C1C(=O)C=C[C@@H]1C/C=C\CCCC(=O)O,334.5,6.19444444444444
COc1ccc([C@H](Cc2ccncc2)c2ccc(NS(=O)(=O)c3c(F)c(F)c(F)c(F)c3F)cc2)cc1OC1CCCC1,618.67,8.83814285714285
CCCC(CCC)CN1CCC(S(=O)(=O)CCCOc2ccc3[nH]c4nc(O)nc-4cc3c2)CC1.Cl,539.209999999999,7.18946666666666
CC(C)(C(=O)[O-])C(c1ccc(OCc2ccc3ccccc3n2)cc1)c1ccc(OCc2ccc3ccccc3n2)cc1.[Na+],590.690999999999,7.87587999999999
COC(=O)c1ccc(OCCCOc2cc3c(cc2O)CCO3)cc1,344.39,7.65311111111111
CC1(c2nnc3ccc(-c4ocnc4-c4ccc(F)cc4F)cn23)CCC1,366.4,8.52093023255813
N=C(N)c1ccc(C(=O)NCCC(=O)N[C@@H](CC(=O)O)C(=O)N[C@H](Cc2ccc(F)cc2)C(=O)O)cc1,515.55,8.18333333333333
CC#CCC(C)[C@H](O)/C=C/[C@H]1[C@H](O)C[C@]2(C#CCCCO)C/C(=C/CCCC(=O)O)C[C@H]12,442.65,6.32357142857142
CC(=O)NCSC[C@H](NC(=O)CNC(=O)CNC(=O)[C@H]1CSCC(=O)N[C@@H](Cc2ccc(O)cc2)C(=O)N[C@H](CSCCCN)C(=O)NCC(=O)N[C@H](CC(=O)O)C(=O)N1)C(=O)NCC(=O)N[C@@H](CSCNC(C)=O)C(=O)NCC(=O)NCC(=O)N[C@@H](CSCC(=O)CC(=O)N[C@@H](CCCCN)C(=O)N[C@@H](CCCCN)C(=O)NCC(=O)N[C@@H](CS)C(=O)O)C(N)=O,1909.5,7.95624999999999
CC1(c2ccc(C(=N)N)cc2)NC(=O)N(CC(=O)NC(CC(=O)O)c2ccc3c(c2)OCO3)C1=O,481.51,8.30189655172413
CC(=O)Oc1ccccc1C(=O)OCc1no[n+]([O-])c1C(N)=O,321.27,9.44911764705882
CCCCS(=O)(=O)NC(CC#Cc1ccc2c(c1)c(=O)n(CCC1CCNCC1)c(=O)n2Cc1ccccc1)C(=O)O,594.799999999999,7.43499999999999
C=Cc1cn(COCCO)c(=O)[nH]c1=O,212.23,7.86037037037037
CCCCCCc1ccc(N/C=N/O)cc1,220.35,6.12083333333333
O=C(O)CCC/C=C\C[C@@H]1C(/C=C/[C@@H](O)CCc2ccccc2)C(=O)C[C@@H]1O,386.53,6.66431034482758
Nc1nnc(O)c2c1c(I)cn2C1O[C@H](CO)[C@@H](O)[C@H]1O,408.18,12.0052941176471
COC1CC(O)(c2cccc(COc3ccc4c(-c5ccccc5)c5c(cc4c3)C(=O)OC5)c2)CCO1,496.59,7.63984615384615
O=C(O)Cc1cccc(CCC2C3CCC(O3)C2c2nc(C(=O)NCCCCC3CCCCC3)co2)c1,508.719999999999,6.60675324675324
CCOc1cc(-c2ccccc2)nc2cccc(CC)c12,277.39,6.93474999999999
CCCCc1cc(C(=O)OC)cc2cc(OCc3cccc(C4(O)CCOCC4)c3)ccc12,448.6,6.90153846153846
Oc1ccc(-c2nnsc2-c2ccc(O)cc2)cc1,270.33,9.32172413793103
CNC(=O)OCc1c2c(n(C)c1COC(=O)NC)C(=O)C(C)=C(N1CC1)C2=O,390.44,7.80879999999999
COc1ccc(C[C@H]2NC(=O)[C@H](CC(=O)O)NC(=O)CNC(=O)[C@H](CCCN=C(N)N)NC(=O)[C@H]3CCCN3C(=O)[C@H](CC(N)=O)NC(=O)[C@@H](NC(C)=O)C3(CCCCC3)SSC[C@@H](C(N)=O)NC(=O)[C@H](CCCN=C(N)N)NC2=O)cc1,1204.58,7.52862499999999
CO[C@@H]1C[C@H](C[C@@H](C)[C@@H]2CC(=O)[C@H](C)/C=C(\C)[C@@H](O)[C@@H](OC)C(=O)[C@H](C)C[C@H](C)/C=C/C=C/C=C(\C)[C@H](N(OC)C(=O)N(C)C)C[C@@H]3CC[C@@H](C)[C@@](O)(O3)C(=O)C(=O)N3CCCC[C@H]3C(=O)O2)CC[C@H]1O,1000.42,6.41294871794871
COC(=O)[C@@]1(C)CCC[C@]2(C)c3cc(O)c(N)cc3C=C[C@@H]12,301.42,6.69822222222222
O=C([O-])CSC(c1ccc(OCc2ccc3ccccc3n2)cc1)(c1ccc(OCc2ccc3ccccc3n2)cc1)c1cccs1.[Na+],676.831,8.79001298701298
CCCCC(NC(=O)c1ccc(C(=N)N)cc1)C(C)(C)C(=O)N1CCC(CC(=O)O)CC1,444.64,6.53882352941176
O=C1OCc2c1cc1cc(OCc3cccc(C4(O)CC5COC(C4)O5)c3)ccc1c2-c1ccccc1,494.57,7.85031746031745
CCCc1cc2c(c(C)c1O)CCO2,192.28,6.40933333333333
C#C[C@H](CC(=O)O)NC(=O)CN1CCc2ccc(C3CCNCC3)cc2C1=O,383.49,7.23566037735848
Cl.O=S(=O)(CCCOc1ccc2[nH]c3nc(O)nc-3cc2c1)C1CCN(Cc2ccc(F)cc2)CC1,535.09,8.36078124999999
O=C(O)COC(CCCCNS(=O)(=O)c1ccc(Cl)cc1)CCCc1cccnc1,455.02,7.98280701754385
C[C@H](Nc1cc(-c2sc(C3CCN(C)CC3)nc2-c2ccc(F)cc2)ccn1)c1ccccc1,472.68,7.50285714285714
CC/C(CC1CCc2c(cccc2OCC(=O)O)C1)=N\OC(c1ccccc1)c1ccccc1,457.61,7.04015384615384
O=C1NCc2c(-c3ccc(F)cc3Cl)cc(CN3CCNCC3)cc2N1c1c(Cl)cccc1Cl,519.86,9.28321428571428
COc1ccc(NS(=O)(=O)c2c(F)c(F)c(F)c(F)c2F)cc1N,368.31,11.1609090909091
CN1CCN([C@H]2CC[C@@H](n3cc(-c4ccc(Oc5ccccc5)cc4)c4c(N)ncnc43)CC2)CC1,482.69,6.89557142857142
O=C1OCc2c1cc1cc(OCc3cccc(C4(O)CCOCC4)c3)ccc1c2-c1ccccc1Cl,501.0,8.21311475409835
CC1Cc2c(OCc3ccc(-c4ccccc4)cn3)ccc3c2c(c(COCC(=O)O)n3Cc2ccc(Cl)cc2)S1,585.16,8.35942857142857
CN(Cc1ccccc1)S(=O)(=O)N[C@@H](CNC(=O)CC1CC(c2ccc(C(=N)N)cc2)=NO1)C(=O)O.O=C(O)C(F)(F)F,630.67,8.75930555555555
CCCCCC(=O)N[C@@H](CNC(=O)c1ccc2c(c1)C(=O)N(CCC1CCNCC1)C2)C(=O)O,472.65,6.75214285714285
CCOC(=O)N1CCC(S(=O)(=O)CCCOc2ccc3[nH]c4nc(O)nc-4cc3c2)CC1,462.58,7.9755172413793
CC[C@@H]1/C=C(\C)C[C@H](C)C[C@H](OC)[C@H]2O[C@@](O)(C(=O)C(=O)N3CCCC[C@H]3C(=O)O[C@H](/C(C)=C/C3CC[C@@H](OCC(=O)Nc4ccccc4)[C@H](OC)C3)[C@H](C)[C@@H](O)CC1=O)[C@H](C)C[C@@H]2OC,925.289999999999,6.51612676056337
CC(CC(CCCCNS(=O)(=O)c1ccc(Cl)cc1)CCCc1cccnc1)C(=O)O,467.08,7.53354838709677
CCC(=O)NCCC[C@H](NC(=O)[C@H](CCCN=C(N)N)NC(=O)[C@H](CC(C)C)NC(=O)[C@H](Cc1ccc(NC(=N)N)cc1)NC(=O)[C@H](Cc1ccc(F)cc1)NC(=O)/C=C/c1ccccc1)C(N)=O,956.269999999999,7.08348148148147
CCCc1c(OCCCOc2ccc(-c3cscn3)c(OC)c2CC2CC2)ccc2c1OC(C(=O)O)CC2,537.73,7.36616438356164
COC(=O)c1cc2c(cc1C(=O)OC)[C@@]1(C)CCC[C@](C)(C(=O)OC)C1C=C2,386.48,7.15703703703703
C/C(CCC(=O)O)=N\OC(c1ccc(OCc2ccc3ccccc3n2)cc1)c1ccc(OCc2ccc3ccccc3n2)cc1,611.739999999999,7.74354430379746
CC/C=C\C[C@H](O)/C=C/C1C(=O)C[C@H](O)[C@@H]1C/C=C\CCCC(=O)O,350.5,6.37272727272727
COc1ccc(-c2nc(C(C)(C)CO)sc2-c2ccc(OC)cc2)cc1,369.52,7.54122448979591
CCOC(=O)N1CCC(n2nnnc2CCCCOc2ccc3[nH]c4nc(O)nc-4cc3c2)CC1,480.59,7.62841269841269
COc1cc(-c2nn([C@H]3CC[C@H](N4CCN(C)CC4)CC3)c3ncnc(N)c23)ccc1NC(=O)c1cc2ccccc2o1,580.759999999999,7.35139240506328
COc1ccc(C[C@H]2NC(=O)/C=C/C[C@@H]([C@H](C)[C@H]3O[C@@H]3c3ccccc3)OC(=O)[C@H](CC(C)C)OC(=O)[C@H](C)CNC2=O)cc1Cl,655.249999999999,7.36235955056179
CC(C)(C(=O)N1CCC(CC(=O)O)CC1)C(CCc1ccccc1)NC(=O)c1ccc(C(=N)N)cc1,492.68,6.84277777777777
COc1ccc(C2(C#N)CCN(CC(=O)NO)CC2)cc1OC1CCCC1,373.5,6.91666666666666
Cl.O=C(NCCCOc1ccc2[nH]c3nc(O)nc-3cc2c1)N1CCN(Cc2ccsc2)CC1,503.08,8.24721311475409
NCCCC[C@H](NC(=O)CNC(=O)CNC(=O)[C@H]1CSCC(=O)N[C@@H](Cc2ccc(O)cc2)C(=O)N[C@H](CSCCCN)C(=O)NCC(=O)N[C@H](CC(=O)O)C(=O)N1)C(=O)NCC(=O)N[C@@H](CCCCN)C(=O)NCC(=O)N[C@@H](CCCCN)C(=O)N[C@@H](CCCCN)C(=O)NCC(=O)N[C@@H](CS)C(=O)NCC(N)=O,1614.16,7.40440366972476
C=CCOc1ccc(CN(C/C=C/c2ccccc2)CCCC)cc1,335.53,6.21351851851851
CC(C)(C)c1ccc(SCC(=O)NCC(=O)NCC2C3CCC(O3)C2C/C=C/CCCC(=O)O)cc1,516.77,6.79960526315789
COc1cc2c(cc1C[N+](C)(C)CSc1ccccc1)-c1ccc(OC)c(C)c1CC2.[Br-],514.57,8.04015624999999
Cc1cc(COc2ccc(NC(=O)[C@H]3CCN(C(=O)c4ccco4)C[C@@H]3C(=O)NO)cc2)c2ccccc2n1,528.61,7.88970149253731
CN(C)c1ccc(-c2nnsc2-c2ccc(N(C)C)cc2)cc1,324.49,7.54627906976744
COc1ccc(-c2nnsc2-c2ccccc2)cc1,268.36,8.65677419354838
Cl.O=C(NCCCOc1ccc2[nH]c3nc(O)nc-3cc2c1)N1CCC(N2CCCCC2)CC1,489.079999999999,7.29970149253731
O=C(O)CCC/C=C\C[C@H]1/C(=N/OCc2ccc(C(F)(F)F)cc2)CC[C@@H]1NS(=O)(=O)c1ccc(Cl)cc1,573.08,8.6830303030303
C[C@H](Nc1ncnc2ccccc12)c1ccc(Br)cc1,328.23,9.65382352941176
Cc1ccc(-c2nc(-c3ncoc3-c3cccc(OCC(=O)O)c3)oc2-c2ccc(C)cc2)cc1,466.52,8.18456140350877
CCc1cc2cc(C(=O)[C@H]3CC[C@@H](OC)CC3)ccc2nc1C#N,322.44,7.0095652173913
N=C(N)Nc1ccc(C(=O)NCCC(=O)N[C@@H](CC(=O)O)C(=O)N[C@H](Cc2c[nH]c3ccccc23)C(=O)O)cc1,551.62,7.99449275362318
COc1ccc(-c2nnsc2-c2cccs2)cc1,274.39,9.79964285714285
CCCC(CCC)CN1CCN(C(=O)NCCCOc2ccc3[nH]c4nc(O)nc-4cc3c2)CC1.Cl,519.16,6.92213333333333
O=C([O-])COc1cccc(C[C@H]2CCCC=C2c2nc(-c3ccccc3)c(-c3ccccc3)o2)c1.[Na+],487.561,7.86388709677419
O/N=C/c1ccc(Sc2cc(F)cc(C3CCOCC3)c2)cc1,331.44,8.08390243902438
Cl.O=S(=O)(CCCOc1ccc2[nH]c3nc(O)nc-3cc2c1)C1CCN(CC2CCCCO2)CC1,525.13,7.72249999999999
Cc1csc2ncnc(N[C@@H](C)c3ccccc3)c12,269.4,7.9235294117647
N=C(N)NCCOc1ccc(C(=O)NC[C@H](NS(=O)(=O)c2ccccc2)C(=O)O)cc1,449.54,8.32481481481481
CCC(CC)CN1CCC(S(=O)(=O)CCCCOc2ccc3[nH]c4nc(O)nc-4cc3c2)CC1.Cl,525.18,7.29416666666666
O=C([O-])COc1cccc(/C=C\c2nc(-c3ccccc3)c(-c3ccccc3)o2)c1.[Na+],419.431,8.55981632653061
CC(=O)c1cc(-c2ccccc2)c2ccc(OCc3cccc(C4(O)CCOCC4)c3)cc2c1,452.58,7.29967741935483
CCN(C/C=C/C#CC(C)(C)C)Cc1cccc(OCC(CC)(CC)OCc2ccsc2)c1,467.779999999999,6.32135135135134
O=C1NCc2c(-c3ccccc3Cl)cc(C3CCNCC3)cc2N1c1c(Cl)cccc1Cl,486.85,9.01574074074073
CC(C)(C)c1ccc(N/C=N/O)cc1,192.29,6.40966666666666
C[C@H](Nc1cc(-c2[nH]c(C3(O)CCN(C)CC3)nc2-c2ccc(F)cc2)ccn1)c1ccccc1,471.63,7.25584615384615
COc1ccc(-c2snnc2-c2ccc(OC)cc2OC)cc1,328.42,8.42102564102563
CC(C)(C)CCCCNC(=O)c1coc(C2C3CCC(O3)C2Cc2ccccc2CCC(=O)O)n1,482.68,6.61205479452054
COc1ccc2c(Cc3c(Cl)cncc3Cl)n[n+]([O-])cc2c1OC1CCCC1,420.32,8.94297872340425
CCOC(=O)N[C@@H](CCC(=O)N1CCN(c2cccc(NC3=NCCCN3)c2)CC1)C(=O)O,460.6,7.08615384615384
O=C(O)COc1cccc(-c2ncoc2-c2nc(-c3ccccc3)c(-c3ccccc3)o2)c1,438.46,8.59725490196078
COc1ccc(CCCCCCCCOc2ccc(CSCc3cccc(C(=O)O)c3)nc2/C=C/C(=O)O)cc1,563.77,7.32168831168831
Sc1nc(-c2ccccc2Cl)nn1Cc1cccc(Cl)c1,336.26,10.508125
N#Cc1cc(-c2ccoc2)c2ccc(OCc3cncc(C4(O)CCOCC4)c3)cc2c1,426.5,7.89814814814814
COC(=O)c1cc(Cc2ccccc2)c2ccc(OCc3cccc(C4(O)CCOCC4)c3)cc2c1,482.61,7.31227272727272
N=C(N)c1ccc(C(=O)Nc2ccc3c(c2)CCN(CC(=O)O)C3)cc1,352.43,7.66152173913043
CC(C)N1CCC(c2cc(-c3ccc(F)cc3Cl)c3c(c2)N(c2c(Cl)cccc2Cl)C(=O)NC3)CC1,546.93,8.68142857142857
C=CC[C@@H]1/C=C(\C)C[C@H](C)C[C@H](OC)[C@H]2O[C@@](O)(C(=O)C(=O)N3CCCC[C@H]3C(=O)O[C@H](/C(C)=C/[C@@H]3CC[C@@H](O)[C@H](OC)C3)[C@H](C)[C@@H](O)CC1=O)[C@H](C)C[C@@H]2OC,804.139999999999,6.38206349206348
COc1cc2c(c(C)c1OC)CCC(=O)C2C,234.32,6.69485714285714
O=C(N[C@@H](CCC(=O)N1CCN(c2cccc(NC3=NCCN3)c2)CC1)C(=O)O)OCc1ccccc1,508.64,7.37159420289854
O=C(O)COc1cccc(C[C@@H]2CCC=CC2(O)c2nc(-c3ccccc3)c(-c3ccccc3)o2)c1,481.58,7.64412698412698
O=C([O-])COc1cccc(C[C@@H]2CCC=C2c2nc(-c3ccccc3)c(-c3ccccc3)o2)c1.[Na+],473.531,8.02594915254237
CCOCCS(=O)(=O)N[C@@H](CNC(=O)c1ccc2c(c1)C(=O)N(CCC1CCNCC1)C2)C(=O)O,510.68,7.40115942028985
O=C(O)c1cccc(CCC2C3CCC(O3)C2c2nc(C(=O)NCCCCC3CCCCC3)co2)c1,494.689999999999,6.68499999999999
CC1Cc2c(OCc3ccc(-c4ccccc4)cn3)ccc3c2c(c(CCOC(C)(C)C(=O)O)n3Cc2ccc(Cl)cc2)S1,627.25,7.93987341772151
O=C(O)COc1cccc2c1CC[C@](O)(COC(=O)N(c1ccccc1F)c1ccccc1F)C2,483.5,8.33620689655172
CC1Cc2c(OCc3ccc(-c4ccccc4)cn3)ccc3c2c(c(CCOC(C)c2nn[nH]n2)n3Cc2ccc(Cl)cc2)S1,637.26,8.16999999999999
c1cc(Nc2nccc(-c3cccs3)n2)cc(OCCn2ccnc2)c1,363.48,8.45302325581395
O=C(O)COc1cccc2c1CC[C@](O)(COC(=O)N(c1ccccc1)c1ccc(Br)cc1)C2,526.41,9.07603448275861
CCOc1ccc(-c2nc(-c3cccc(C(=O)O)n3)cs2)cc1OCC,370.46,8.41954545454545
O=C(NC[C@H](NS(=O)(=O)c1cccs1)C(=O)O)c1ccc2c(c1)C(=O)N(CCC1CCNCC1)C2,520.69,8.26492063492063
Oc1ccc(C(=NNc2ccccc2)c2ccc(O)cc2)cc1,304.37,7.80435897435897
CS(=O)(=O)Nc1ccc2oc(NC(CC3CCCCC3)c3ccccc3)nc2c1,413.59,7.38553571428571
C#CCCCCCNC(=O)c1coc(C2C3CCC(O3)C2Cc2ccccc2CCC(=O)O)n1,464.61,7.03954545454545
CC(C)(C(=O)N1CCC(CC(=O)O)CC1)C(NC(=O)c1ccc(C(=N)N)cc1)c1cccc(O)c1,480.62,7.17343283582089
CC[C@@H]1/C=C(\C)C[C@H](C)C[C@H](OC)[C@H]2O[C@@](O)(C(=O)C(=O)N3CCCC[C@H]3C(=O)O[C@H](/C(C)=C/C3CC[C@@H](OCC(=O)Nc4ccc(C)cc4)[C@H](OC)C3)[C@H](C)[C@@H](O)CC1=O)[C@H](C)C[C@@H]2OC,939.319999999999,6.47806896551723
CCC(OCCc1c2c3c(c(OCc4ccc(-c5ccccc5)cn4)ccc3n1Cc1ccc(Cl)cc1)CC(C)S2)C(=O)O,627.25,7.93987341772151
Oc1cc2c(cc1SCc1ccccc1)OCC2,258.36,8.07374999999999
CCCCS(=O)(=O)N[C@@H](CNC(=O)c1cc2n(n1)CCCN(CCC1CCNCC1)C2=O)C(=O)O,512.709999999999,7.2212676056338
O=C(O)C[C@@H](NC(=O)[C@@H]1CCCN(C(=O)CCC2CCNCC2)C1)c1cccnc1,416.58,6.71903225806451
COc1ccc(C2(C#N)CCN(CC(=O)NO)CC2)cc1OCC1CC1,359.47,7.04843137254901
Cc1nc2ccc(CN(C)c3ccc(C(=O)N[C@@H](C[C@@H](F)C(=O)O)C(=O)O)s3)cc2c(=O)[nH]1,476.53,8.82462962962962
N#Cc1ccc(NC(=O)Nc2ccccc2Br)c(O)c1,332.17,11.0723333333333
CC(=O)Oc1ccccc1C(=O)OCCCOc1no[n+]([O-])c1S(=O)(=O)c1ccccc1,462.47,9.24939999999999
COc1ccc2c(Cc3c(Cl)cncc3Cl)nnc(-c3nccs3)c2c1,403.31,10.6134210526316
COC1(c2csc(Sc3ccc4c(c3)CC/C4=N\O)c2)CCOCC1,375.55,8.1641304347826
Cc1cccc(S(=O)(=O)N[C@@H](CNC(=O)C[C@H]2CC(c3ccc(C(=N)N)cc3)=NO2)C(=O)O)c1,487.59,8.26423728813559
O=C(O)COc1ccc(C(=O)CNC(=O)c2cc3c(s2)CCNC3)cc1OCC(=O)O,448.49,8.79392156862744
Clc1ccccc1C(CC1CCCCC1)Nc1nc2ccccc2o1,354.91,7.39395833333333
CN(C/C=C/C#CC(C)(C)C)Cc1cccc(OCC(C)(C)OCc2ccsc2)c1,425.69,6.54907692307692
CCc1cc2cc(C(=O)[C@H]3CC[C@@H](OC)CC3)ccc2nc1F,315.42,7.00933333333333
O=[N+]([O-])c1ccc2oc(NC(Cc3ccc(F)cc3)c3ccccn3)nc2c1,378.39,8.79976744186046
CC[C@@H]1/C=C(\C)C[C@H](C)C[C@H](OC)[C@H]2O[C@@](O)(C(=O)C(=O)N3CCCC[C@H]3C(=O)O[C@H](/C(C)=C/C3CC[C@@H](OCC(=O)O)[C@H](OC)C3)[C@H](C)[C@@H](O)CC1=O)[C@H](C)C[C@@H]2OC,850.169999999999,6.48984732824427
C[C@H](Nc1cc(-c2sc(C3(O)CCN(C)CC3)nc2-c2ccc(F)cc2)ccn1)c1ccccc1,488.68,7.63562499999999
CC1(C)C2CCC1(Cc1ccc(S(=O)(=O)N[C@@H](CNC(=O)c3cc4cc(OCC5CCNCC5)ccc4[nH]3)C(=O)O)cc1)C(=O)C2,650.869999999999,7.39624999999999
O=C(NC[C@H](NS(=O)(=O)c1ccccc1)C(=O)O)c1cc2cc(OCCN3CCNCC3)ccc2[nH]1,515.65,7.93307692307692
Cl.O=C(NCCCOc1ccc2[nH]c3nc(O)nc-3cc2c1)N1CCN(Cc2ccc(F)cc2)CC1,515.04,8.04749999999999
CC(C)(C)OC(=O)N[C@H](CCCCN)C(=O)Nc1ccc(C(=O)O)c(-c2ccc(O)cc2)c1,457.58,7.14968749999999
N#Cc1c(-c2ccccc2)no[n+]1[O-],187.17,9.85105263157894
CO[C@]1(c2cc(F)cc(OCc3ccc4c(ccc(=O)n4C)c3)c2)CCO[C@H](C)C1,411.51,7.34839285714285
CC(C)c1ccc2oc(NC(Cc3ccc(F)cc3)c3ccccn3)nc2c1,375.48,7.50959999999999
Cl.O=S(=O)(CCCOc1ccc2[nH]c3nc(O)nc-3cc2c1)C1CCN(CC2CCCCC2)CC1,523.16,7.47371428571428
CC1Cc2c(OCc3ccc(-c4ccccc4)cn3)ccc3c2c(c(CCOCCC(=O)O)n3Cc2ccc(Cl)cc2)S1,613.22,8.06868421052631
O=C(O)CCc1ccccc1C[C@@H]1CCC[C@@H]1c1nc(C(=O)NCCCCC2CCCCC2)co1,480.709999999999,6.40946666666666
Cc1ccccc1S(=O)(=O)N[C@@H](CNC(=O)C[C@H]1CC(c2ccc(C(=N)N)cc2)=NO1)C(=O)O,487.59,8.26423728813559
COC(=O)N(O)[C@@H]1C[C@@H]2CC[C@@H](C)[C@@](O)(O2)C(=O)C(=O)N2CCCC[C@H]2C(=O)O[C@H]([C@H](C)C[C@@H]2CC[C@@H](O)[C@H](OC)C2)CC(=O)[C@H](C)/C=C(\C)[C@@H](O)[C@@H](OC)C(=O)[C@H](C)C[C@H](C)/C=C/C=C/C=C/1C,973.339999999999,6.5324832214765
CCCc1c(OCCCOc2ccc(C(=O)N(C)C)c(OC)c2CCC)ccc2c1OC(C(=O)O)CC2,513.689999999999,6.75907894736841
CCc1cc2cc(C(=O)[C@H]3CC[C@@H](OC)CC3)ccc2nc1N,312.45,6.64787234042553
Cc1ccc(S(=O)(=O)NCCCCC(CCCc2cccnc2)CCC(=O)O)cc1,432.64,6.97806451612902
C=Cc1cn(CCC(CO)CO)c(=O)[nH]c1=O,240.29,7.28151515151515
CCC1(O)CS(=O)(=O)c2cc(C(=O)N=C(N)N)c(C)cc21,311.4,8.19473684210526
CC(=O)c1ccc2c(/N=N/c3ccc([N+](=O)[O-])cc3[N+](=O)[O-])c3cccc(C(C)=O)c3c(O)c2c1,472.44,9.2635294117647
CCN(CC)CCOc1ccc(Nc2nccc(-c3ccncc3)n2)cc1,363.51,6.99057692307692
Cc1ccc(S(=O)(=O)N[C@@H](CNC(=O)c2ccc3oc(-c4ccc(C(=N)N)cc4)nc3c2)C(=O)O)cc1,521.6,8.69333333333333
OC1(c2nc(-c3ccc(F)cc3)c(-c3ccnc(NC4CCCCC4)c3)o2)CCNCC1,436.58,7.15704918032786
C#C[C@H](CC(=O)O)NC(=O)CN1CCc2ccc(-c3ccncc3)cc2C1=O,377.43,8.03042553191489
O=C(O)CCC(CCCCNS(=O)(=O)c1ccc(Cl)cc1)CCOc1cccnc1,455.02,7.98280701754385
O=C(O)CCc1ccccc1CC1C2CCC(O2)C1c1nc(C(=O)NCCc2ccccc2)co1,474.6,7.30153846153846
CC(C)c1nnc2ccc(-c3ocnc3-c3cc(Cl)ccc3F)cn12,356.81,9.14897435897435
CCOC(=O)[C@H](Cc1ccccc1)Nc1nc2ccccc2o1,310.38,7.57024390243902
CCCCC[C@H](O)/C=C/C1C(=O)CC(O)[C@@H]1C/C=C\CCCC(=O)O,352.52,6.18456140350877
CN[C@H](Cc1ccccc1)C(=O)N1CCC[C@H]1C(=O)N[C@H](C=O)CCCN=C(N)N,416.59,6.71919354838709
CCCCC[C@H](O)/C=C/[C@@H]1[C@H]2C(=O)/C(=C/CCCC(=O)[O-])O[C@H]2C[C@H]1O.[Na+],388.481,6.93716071428571
N#Cc1cc(-c2ccoc2)c2ccc(OCc3cc(C4(O)CCOCC4)ccn3)cc2c1,426.5,7.89814814814814
Cc1noc(C)c1S(=O)(=O)N[C@@H](CNC(=O)C[C@@H]1C[C@H](c2ccc(C(=N)N)cc2)N(C)O1)C(=O)O.Cl,545.08,8.38584615384615
O=C(O)CCc1c(-c2ccccc2)ccc2c1CCC(NS(=O)(=O)c1ccc(Cl)cc1)C2,470.02,8.39321428571428
Oc1cc2c(cc1Sc1ccccc1)OCC2,244.33,8.4251724137931
CN1C2CCC1CC(Nc1nc(-c3ccccc3Cl)c3c(n1)N(c1c(Cl)cccc1Cl)C(=O)NC3)C2,543.92,8.9167213114754
C=C1/C(=C\C=C2/CCC[C@]3(C)C([C@@H](C)COc4ccc(C(C)(C)O)cc4)CC[C@@H]23)C[C@@H](O)C[C@@H]1O,480.749999999999,6.08544303797468
Cl.Oc1nc2cc3cc(OCCCCc4nnnn4C4CCN(Cc5ccc(F)cc5)CC4)ccc3[nH]c-2n1,553.1,8.0159420289855
CO/C(=C\C=C\c1cc2cc(Cl)c(Cl)cc2[nH]1)C(=O)NC1CC(C)(C)N(C)C(C)(C)C1,464.48,7.4916129032258
CCS(=O)(=O)N[C@H](Cc1ccccc1)C(=O)N1CCC[C@H]1C(=O)NC(C(=O)c1nc2ccccc2s1)C1CCC(N)CC1,625.889999999999,7.63280487804877
CC(=O)NC1CCN(CCOc2ccc(Cc3ccccc3)cc2)CC1,352.52,6.52814814814814
CCc1c(C)c2c(c(O)c1C/C=C(\C)CCC(=O)O)C(=O)OC2,318.4,7.07555555555555
Cl.O=S(=O)(CCCOc1ccc2[nH]c3nc(O)nc-3cc2c1)C1CCN(Cc2cccc(C(F)(F)F)c2)CC1,585.099999999999,8.73283582089551
CNC(=O)OCc1c2c(n(C)c1COC(C)=O)C(=O)C(C)=C(N1CC1)C2=O,375.42,7.82124999999999
CC#CCC(C)[C@H](O)/C=C/[C@H]1[C@H](O)C[C@]2(C#CCCCO)C/C(=C\CCCC(=O)O)C[C@H]12,442.65,6.32357142857142
CCOc1ccc(-c2nc(-c3cccc(C(=O)O)c3)cs2)cc1OCC,369.47,8.21044444444444
N=C(N)c1ccc(C2=NO[C@@H](CC(=O)NC[C@H](NS(=O)(=O)c3ccccc3C(F)(F)F)C(=O)O)C2)cc1.O=C(O)C(F)(F)F,655.59,9.78492537313432
O=C(O)c1ccc2oc(NC(CC3CCCCC3)c3ccccc3)nc2c1,364.48,7.14666666666666
CC(C)(C)Sc1c(CC(C)(C)C(=O)O)n(Cc2ccc(Cl)cc2)c2ccc(OCc3ccc4cnccc4n3)cc12,588.219999999999,7.84293333333333
C[C@H](COc1ccc2c(c1)c(SC(C)(C)C)c(CC(C)(C)C(=O)O)n2Cc1ccc(Cl)cc1)c1ccccn1,565.229999999999,7.43723684210526
C=Cc1c(C)c2c(c(O)c1C/C=C(\C)CCC(=O)O)C(=O)OC2,316.38,7.35767441860465
O=C(O)C1CCC(c2ccc(OCc3ccc4ccccc4n3)cc2)(c2ccc(OCc3ccc4ccccc4n3)cc2)CC1,594.749999999999,7.52848101265822
COC(=O)CCc1cc(CCNS(=O)(=O)c2ccc(Cl)cc2)cc(CCc2cccnc2)c1,487.06,8.11766666666666
Cl.O=S(=O)(CCCOc1ccc2[nH]c3nc(O)nc-3cc2c1)C1CCN(CCc2ccccc2)CC1,531.13,7.92731343283581
O=C(O)CCc1cc(Cc2ccc(-c3ccccc3)cc2)cc2c1CCC(NS(=O)(=O)c1ccc(Cl)cc1)C2,560.15,8.11811594202898
COc1ccc(C[C@H]2NC(=O)/C=C/C[C@@H]([C@H](C)[C@H]3O[C@@H]3c3ccccc3)OC(=O)[C@H](CC(C)C)OC(=O)C[C@@H](C)NC2=O)cc1Cl,655.249999999999,7.36235955056179
COc1cc2c(c(C)c1O)C=C[C@H]1[C@@](C)(C(=O)O)CCC[C@]21C,316.43,6.73255319148936
N=C(N)c1ccc(C(=O)Nc2ccc3c(c2)CC(CC(=O)O)CC3)cc1,351.44,7.47744680851063
COc1ccc2c(Cc3c(Cl)cncc3Cl)nnc(N3CCCC3)c2c1,389.31,8.84795454545454
CC[C@@H]1/C=C(\C)C[C@H](C)C[C@H](OC)[C@H]2O[C@@](O)(C(=O)C(=O)N3CCCC[C@H]3C(=O)O[C@H](/C(C)=C/[C@@H]3C[C@@H](O)[C@@H](O)[C@H](OC)C3)[C@H](C)[C@@H](O)CC1=O)[C@H](C)C[C@@H]2OC,808.129999999999,6.41373015873015
O=C(O)C[C@H](NC(=O)[C@@H]1CCCN(C(=O)/C=C/C2CCNCC2)C1)c1cccnc1,414.56,6.90933333333333
C/C(=N\OCCC#CC(O)(c1ccc(OCc2ccc3ccccc3n2)cc1)c1ccc(OCc2ccc3ccccc3n2)cc1)C(=O)[O-].[Na+],673.740999999999,8.21635365853658
CCCc1c(OCCCOc2ccc(-c3cscn3)c(OC)c2CCC)ccc2c1OC(C(=O)O)CC2,525.72,7.30166666666666
O=C(O)CCc1ccccc1CC1C2CCC(O2)C1c1nc(C(=O)OCCCCC2CCCCC2)co1,509.699999999999,6.70657894736841
CC1(c2ccc(NC(=N)N)cc2)NC(=O)N(CC(=O)N[C@@H](CC(=O)O)C(=O)N[C@H](C(=O)O)c2ccccc2)C1=O,553.59,8.26253731343283
Cl.Oc1nc2cc3cc(OCCCc4nnnn4C4CCN(CC5CCCCO5)CC4)ccc3[nH]c-2n1,529.11,7.55871428571428
CSCC[C@H](NC(=O)[C@H](Cc1ccccc1)NC(C)=O)C(=O)NC(C)(C)C(=O)N[C@@H](Cc1ccc(CP(=O)(O)O)cc1)C(=O)N[C@H](Cc1c[nH]c2ccccc12)C(=O)N[C@@H](CCC(=O)O)C(=O)NC1(C(=O)N[C@@H](CC(C)C)C(N)=O)CC1,1175.45,7.48694267515923
O=C(O)C=C(c1ccc(OCc2ccc3ccccc3n2)cc1)c1ccc(OCc2ccc3ccccc3n2)cc1,538.63,8.03925373134328
CN(C)CCNC(=O)c1ccc(NCCN(C)C)c2c(O)c3cc([N+](=O)[O-])ccc3nc12,440.56,7.34266666666666
Cc1ccc(S(=O)(=O)N[C@@H](CNC(=O)C2CCC3(CC2)CCN(c2ccncc2)CC3)C(=O)O)cc1,514.709999999999,7.35299999999999
c1ccc(-c2nnsc2-c2ccc3c(c2)OCO3)cc1,282.34,9.41133333333333
CC(C)(C)Sc1c(CC(C)(C)C(=O)O)n(Cc2ccc(Cl)cc2)c2ccc(OCc3cnccn3)cc12,538.16,7.79942028985507
COc1ccc(C[C@H]2NC(=O)[C@H](CC(=O)O)NC(=O)CNC(=O)[C@H](CCCN=C(N)N)NC(=O)[C@H]3CCCN3C(=O)[C@H](CC(N)=O)NC(=O)CC3(CCCC3)SSC[C@@H](C(N)=O)NC(=O)[C@H](CCCN=C(N)N)NC2=O)cc1,1133.49,7.55659999999999
C[C@H](Nc1nccc(-c2oc(C3(O)CCN(C)CC3)nc2-c2ccc(F)cc2)n1)c1ccccc1,473.6,7.51746031746031
Cc1ccc(S(=O)(=O)N[C@@H](CCC(=O)N2CCC3(CC2)CCN(c2ccncc2)CC3)C(=O)O)cc1,514.709999999999,7.35299999999999
[O-][n+]1ccc2ncn(CCOc3ccc(Cc4ccccc4)cc3)c2c1,345.43,7.67622222222222
CSCC[C@@H](NC(=O)[C@H](Cc1ccccc1)NC(C)=O)C(=O)NC(C)(C)C(=O)N[C@@H](Cc1ccc(CP(=O)(O)O)cc1)C(=O)N[C@@H](Cc1c[nH]c2cc(Cl)ccc12)C(=O)N[C@@H](CCC(=O)O)C(=O)NC1(C(=O)N[C@@H](CC(C)C)C(N)=O)CC1,1209.89,7.70630573248407
CC/C=C\CCSCC1C2CCC(O2)C1C/C=C\CCCC(=O)O,352.59,6.29624999999999
Cl.O=S(=O)(CCCOc1ccc2[nH]c3nc(O)nc-3cc2c1)N1CCN(Cc2ccccc2)CC1,518.09,8.22365079365079
Nc1nc(N)c2nc(CNc3ccc(C(=O)NC(CCC(=O)NCc4ccccc4)C(=O)O)cc3)cnc2n1,529.62,8.02454545454545
O=C(O)COc1cccc2c1CC[C@H](Cn1cc(C(c3ccccc3)c3ccccc3)ccc1=O)C2,479.61,7.37861538461538
O=C1OCc2c1cc1cc(OCc3cccc(C4(O)CC5CCC(C4)O5)c3)ccc1c2-c1ccccc1,492.6,7.57846153846153
O=C(O)CCc1ccccc1CCC1C2CCC(O2)C1c1nc(C(=O)NCCCCC2CCCCC2)co1,522.749999999999,6.53437499999999
Cl.O=C(NCCCOc1ccc2[nH]c3nc(O)nc-3cc2c1)N1CCN(N2CCC(Cc3ccccc3)CC2)CC1,580.199999999999,7.34430379746835
CC(C)(C)Sc1c(CC(C)(C)C(=O)O)n(Cc2ccc(Cl)cc2)c2ccc(OCc3cccs3)cc12,542.21,7.97367647058823
CCC1CS(=O)(=O)c2cc(C(=O)N=C(N)N)c(C)cc21,295.4,7.98378378378378
Cl.O=C(O)CCCCCC(CNS(=O)(=O)c1ccc(Cl)c(Cl)c1)c1cccnc1,481.86,9.26653846153846
O=C(O)COc1cccc2c1CCCC2CCn1cc(C(c2ccccc2)c2ccccc2)cn1,466.62,7.17876923076922
Cc1ccc(S(=O)(=O)N[C@@H](CNC(=O)c2cc3cc(OCC4CCNCC4)ccc3[nH]2)C(=O)O)cc1,514.66,7.79787878787878
CCOC(=O)N1CCC(n2nnnc2CCCOc2ccc3[nH]c4nc(O)nc-4cc3c2)CC1,466.56,7.77599999999999
CCCC(Oc1ccc2c(c1)c(SC(C)(C)C)c(CC(C)(C)C(=O)O)n2Cc1ccc(Cl)cc1)c1ccc2ccccc2n1,629.319999999999,7.40376470588235
Cc1ccc(S(=O)(=O)N[C@@H](CNC(=O)c2cc3n(n2)CCCN(CCC2CCNCC2)C3=O)C(=O)O)cc1,546.719999999999,7.59333333333333
Nc1cccc2c1C(=O)N([C@H]1CCC(=O)NC1=O)C2=O,273.27,8.81516129032258
FC(F)(F)c1nc(-c2ccccc2)c(-c2ccccc2)s1,305.34,9.84967741935483
Cl.O=C(NCCCOc1ccc2[nH]c3nc(O)nc-3cc2c1)N1CCN(CC2CCCCCC2)CC1,517.139999999999,7.08410958904109
CC(=O)N[C@@H](CCCCN)C(=O)N[C@@H](CC(C)C)C(=O)N[C@@H](Cc1ccc(O)cc1)C(=O)N[C@@H](CC(=O)O)C(=O)O,579.729999999999,7.06987804878048
N=C(N)c1ccc(C[C@H]2NC(=O)[C@H](Cc3ccc(O)cc3)NC(=O)CSC[C@H](C(=O)N[C@@H](CCCCN)C(=O)NCC(=O)N[C@@H](CS)C(=O)NCC(N)=O)NC(=O)[C@@H](CC(=O)O)NC(=O)CNC2=O)cc1,1030.29,7.92530769230769
CC(NC(=O)c1ccc(C(=N)N)cc1)C(C)(C)C(=O)N1CCC(CC(=O)O)CC1,402.55,6.8228813559322
O=C(O)CCc1ccccc1CC1C2CCC(O2)C1c1nc(C(=O)NCCCCc2ccc(F)cc2)co1,520.65,7.33309859154929
CC(C)c1ccc2oc(N[C@@H](CN3CCCCC3)c3ccccc3)nc2c1,363.55,6.49196428571428
CN(C)CCNC(=O)c1ccc(NCCCN(C)CCCNc2ccc(C(=O)NCCN(C)C)c3nc4ccc([N+](=O)[O-])cc4c(O)c23)c2c(O)c3cc([N+](=O)[O-])ccc3nc12,850.049999999999,7.52256637168141
N=C(N)NCCC[C@H](NC(=O)[C@H](CO)NC(=O)c1ccc(NC(=N)N)cc1)C(=O)NCC(=O)N[C@@H](CC(=O)O)C(=O)N[C@@H](Cc1ccccc1)C(=O)N1CCC[C@H]1C(=O)NCCCC[C@H](NC(=O)[C@@H]1CCCN1C(=O)[C@H](Cc1ccccc1)NC(=O)[C@H](CC(=O)O)NC(=O)CNC(=O)[C@H](CCCNC(=N)N)NC(=O)[C@H](CO)NC(=O)c1ccc(NC(=N)N)cc1)C(N)=O,1787.18,7.47774058577405
COC(=O)C[C@@]1(C)CCC[C@]2(C)c3cc(C(=O)OC)c(C(=O)OC)cc3C=CC12,400.51,7.02649122807017
O=C(O)COc1cccc2c1C(O)C[C@](O)(COC(=O)N(c1ccccc1)c1ccccc1)C2,463.52,7.85627118644067
CC(C)CN1CCC(S(=O)(=O)CCCOc2ccc3[nH]c4nc(O)nc-4cc3c2)CC1.Cl,483.09,7.66809523809523
Cn1nnc(-c2cc(-c3ccoc3)c3ccc(OCc4cccc(C5(O)CCOCC5)c4)cc3c2)n1,482.58,7.78354838709677
CCCCC[C@H](O)/C=C/[C@@H]1[C@H]2C/C(=C/CCCC(=O)[O-])O[C@H]2C[C@H]1O.[Na+],374.501,6.57019298245613
CCOC(=O)CCCNC(=O)[C@@]1(C)CCC[C@]2(C)c3cc(C(=O)OC)c(C(=O)OC)cc3C=CC12,485.63,6.93757142857142
O=C(NC[C@H](NS(=O)(=O)c1ccccc1)C(=O)O)c1ccc2c(c1)C(=O)N(CCC1CCNCC1)C2,514.66,7.79787878787878
NC(=O)CCN(CCC(N)=O)S(=O)(=O)c1cccc(Nc2nc(Nc3cccc(S(=O)(=O)N(CCC(N)=O)CCC(N)=O)c3)nc(Nc3ccc(-c4ccc(Nc5nc(Nc6cccc(S(=O)(=O)N(CCC(N)=O)CCC(N)=O)c6)nc(Nc6cccc(S(=O)(=O)N(CCC(N)=O)CCC(N)=O)c6)n5)cc4S(=O)(=O)O)c(S(=O)(=O)O)c3)n2)c1,1752.1,8.93928571428571
O=C(O)COc1ccccc1CC1C2CCC(O2)C1/C=N/NC(=O)Nc1ccccc1,423.51,7.56267857142856
CCCc1c(OCCCOc2ccc(C(=O)N3CCCC3)c(OC)c2CCC)ccc2c1OC(C(=O)O)CC2,539.729999999999,6.74662499999999
COC(=O)[C@@]1(C)CCC[C@]2(C)c3cc(C(=O)OC(C)C)c(C(=O)OC(C)C)cc3C=CC12,442.6,6.7060606060606
Nc1nc(Cl)c2ncn(C3CC(O)C(CO)S3)c2n1,301.79,9.73516129032258
CN(C)CCNc1ccc(NCCNCCO)c2c1C(=O)c1c(O)ccc(O)c1C2=O,428.54,7.26338983050847
Cn1cc(NC(=O)c2cc(NC(=O)c3cc(NC(=O)c4ccc(N(CCCl)CCCl)cc4)cn3C)cn2C)cc1C(=O)NCCC(=N)N,697.699999999999,8.11279069767441
Cl.Cl.Nc1ccc(-c2nnsc2-c2ccc(N)cc2)cc1,341.29,9.75114285714285
COc1c(C/C=C(\C)CCC(=O)O)c(O)c2c(c1OC)COC2=O,336.37,7.64477272727272
O=C(O)CCNC(=O)CN1CCC[C@@H](CCC2CCNCC2)C1=O,339.49,6.4054716981132
CCOC(=O)CC1CCN(C(=O)C(C)(C)C(CC)NC(=O)c2ccc(C(=N)N3CCN(c4ccc(F)cc4)CC3)cc2F)CC1,625.839999999999,6.95377777777777
Cc1nc(COc2ccc3c(c2)c(SC(C)(C)C)c(CC(C)(C)C(=O)O)n3Cc2ccc(Cl)cc2)cs1,557.23,7.96042857142857
CC[C@@H]1/C=C(\C)C[C@H](C)C[C@H](OC)[C@H]2O[C@@](O)(C(=O)C(=O)N3CCCC[C@H]3C(=O)O[C@H](/C(C)=C/C3CC[C@@H](OCC(=O)Nc4ccccn4)[C@H](OC)C3)[C@H](C)[C@@H](O)CC1=O)[C@H](C)C[C@@H]2OC,926.279999999999,6.56936170212765
CCCNC(=N)c1ccc(C2=NOC(CC(=O)NCCC(=O)O)C2)cc1,360.46,7.20919999999999
CCN(C)c1nc(N)nc2c1ncn2C1CC(O)C(CO)S1,324.46,7.72523809523809
Cc1cc2c(cc1C(=O)N=C(N)N)S(=O)(=O)CC2C(C)C,309.43,7.73574999999999
CCCCCS(=O)(=O)N[C@@H](CNC(=O)c1ccc2c(c1)C(=O)N(CCC1CCNCC1)C2)C(=O)O,508.709999999999,7.16492957746478
C#Cc1nnc(Cc2c(Cl)cncc2Cl)c2ccc(OC)cc12,344.21,10.1238235294118
CCCCC[C@](C)(O)/C=C/C1C(=O)C=C[C@@H]1C/C=C\CCCC(=O)O,348.53,6.11456140350877
N=C(N)c1ccc(NC(=O)c2ccc3c(c2)NC(CC(=O)O)C(=O)N(CCc2ccccc2)C3)cc1,485.59,7.70777777777777
O=C1OCc2c1cc1cc(OCc3cccc(C4(O)CCOCC4)c3)ccc1c2-c1ccccc1,466.56,7.64852459016393
Cl.O=C(O)CCCCCC(CNS(=O)(=O)c1ccc(-c2cccc3ccccc23)cc1)c1cccnc1,539.14,7.9285294117647
COc1ccc2c(Cc3c(Cl)cncc3Cl)nnc(-n3cncn3)c2c1,387.25,10.1907894736842
c1ccc(-c2nnsc2-c2ccccc2)cc1,238.33,8.82703703703703
Cn1c(C(=O)NC[C@H](NS(=O)(=O)c2ccccc2)C(=O)O)cc2cc(OCC3CCNCC3)ccc21,514.66,7.79787878787878
O=C(O)COc1ccc(C(=O)CNC(=O)c2cc3c(s2)CCNCC3)cc1OCC(=O)O,462.52,8.56518518518518
NCCCC[C@H](NSC[C@H](NC(=O)CNC(=O)CNC(=O)[C@H]1CSCC(=O)N[C@@H](Cc2ccc(O)cc2)C(=O)N[C@H](CSCCCN)C(=O)NCC(=O)N[C@H](CC(=O)O)C(=O)N1)C(=O)NCC(N)=O)C(=O)N[C@@H](CCCCN)C(=O)NCC(=O)N[C@@H](CS)C(=O)O,1362.8,7.83218390804597
O=C(CCCOc1ccc2[nH]c3nc(O)nc-3cc2c1)N1CCN(CC2CCCCC2)CC1,451.63,6.84287878787878
CCCCOC(=O)N(O)[C@@H]1C[C@@H]2CC[C@@H](C)[C@@](O)(O2)C(=O)C(=O)N2CCCC[C@H]2C(=O)O[C@H]([C@H](C)C[C@@H]2CC[C@@H](O)[C@H](OC)C2)CC(=O)[C@H](C)/C=C(\C)[C@@H](O)[C@@H](OC)C(=O)[C@H](C)C[C@H](C)/C=C/C=C/C=C/1C,1015.43,6.42677215189873
N#Cc1ccc(NC(=O)Nc2ccccc2Br)c(O)c1Br,411.06,13.702
Cl.O=S(=O)(CCCOc1ccc2[nH]c3nc(O)nc-3cc2c1)N1CCN(c2nc3ccccc3o2)CC1,545.07,8.79145161290322
Cc1cc2c(cc1C(=O)N=C(N)N)S(=O)(=O)C/C2=N\O,296.34,9.260625
CC(C)c1nnc2ccc(-c3c[nH]nc3-c3cc(F)ccc3F)cn12,339.38,8.48449999999999
Cl.O=C(NCCCOc1ccc2[nH]c3nc(O)nc-3cc2c1)N1CCN(c2ncccn2)CC1,485.0,8.22033898305084
CC(C#Cc1ccc(Oc2ccc(F)cc2)o1)N(O)C(N)=O,304.3,8.69428571428571
CC[C@@H]1/C=C(\C)C[C@H](C)C[C@H](OC)[C@H]2O[C@@](O)(C(=O)C(=O)N3CCCC[C@H]3C(=O)O[C@H](/C(C)=C/C3CC[C@@H](OCC(=O)Nc4ccc(C(F)(F)F)cc4)[C@H](OC)C3)[C@H](C)[C@@H](O)CC1=O)[C@H](C)C[C@@H]2OC,993.289999999999,6.85027586206896
O=C(O)C[C@H](NC(=O)[C@@H]1CCCN(C(=O)CCC2CCNCC2)C1)c1cncc(-c2ccccc2)c1,492.68,6.84277777777777
O=C(NC[C@H](NS(=O)(=O)c1ccccc1C(=O)O)C(=O)O)c1ccc2c(c1)C(=O)N(CCC1CCNCC1)C2,558.67,8.09666666666666
Cl.Cl.O=C(NCCCOc1ccc2[nH]c3nc(O)nc-3cc2c1)N1CCN(Cc2ccc(Cl)cc2)CC1,567.95,8.60530303030302
O=C(NC[C@H](NS(=O)(=O)Cc1ccccc1)C(=O)O)c1ccc2c(c1)C(=O)N(CCC1CCNCC1)C2,528.689999999999,7.66217391304347
O=C(O)COc1cccc2c1CC[C@](O)(COC(=O)N(c1ccc(F)cc1)c1ccc(F)cc1)C2,483.5,8.33620689655172
CSCC[C@@H](NC(=O)[C@H](Cc1ccccc1)NC(C)=O)C(=O)NC(C)(C)C(=O)N[C@@H](Cc1ccc(CP(=O)(O)O)cc1)C(=O)N[C@@H](Cc1c[nH]c2cc(F)ccc12)C(=O)N[C@@H](CCC(=O)O)C(=O)NC1(C(=O)N[C@@H](CC(C)C)C(N)=O)CC1,1193.44,7.60152866242038
Cn1c(COc2ccc(C(C)(CCC(=O)O)c3ccc(OCc4ccc5ccccc5n4)cc3)cc2)nc2ccccc21,571.719999999999,7.52263157894736
N=C(N)c1ccc(C2=NO[C@@H](CC(=O)NC[C@H](NS(=O)(=O)c3ccccc3)C(=O)O)C2)cc1.O=C(O)C(F)(F)F,587.59,9.18109375
Cc1cc2c(cc1C(=O)N=C(N)N)S(=O)(=O)C(C)(C)C2(C)O,325.43,7.93731707317073
CN[C@H](Cc1ccccc1)C(=O)N[C@H](C(=O)NC(CCCN=C(N)N)C(=O)c1nc2ccccc2s1)C(C)C,551.79,7.2603947368421
CCC(O)(c1ccccc1)c1ccc(C(Cc2cc[n+]([O-])cc2)c2ccc(OC(F)F)c(OC(F)F)c2)cn1,542.57,8.34723076923076
CC1(C)OC(=O)c2cc3cc(OCc4cccc(C5(O)CCOCC5)c4)ccc3c(-c3ccccc3)c21,494.62,7.38238805970149
CCN(CC)CCn1c2cc(N3CCC(O)CC3)c(N)cc2c(=O)c2c(O)cc(O)cc21,440.6,6.88437499999999
O=C(O)/C=C/c1nc(CSc2c(Cl)cccc2Cl)ccc1OCCc1ccccc1,460.4,9.39591836734693
COC(=O)Cc1ccc(OCCCOc2cc3c(cc2O)CCO3)cc1,358.42,7.46708333333333
CC(C)CS(=O)(=O)N[C@@H](CNC(=O)c1ccc2c(c1)C(=O)N(CCC1CCNCC1)C2)C(=O)O,494.68,7.27470588235293
Cc1ccccc1S(=O)(=O)N[C@@H](CNC(=O)C[C@@H]1C[C@H](c2ccc(C(=N)N)cc2)N(C)O1)C(=O)O.Cl,540.1,8.18333333333333
O=C1NCCCC[C@@H](C(=O)NCC(=O)N2CCNCC2)NC(=O)[C@H](Cc2ccc(-c3cc(C(F)(F)F)cc(C(F)(F)F)c3)cc2)[C@@H](C(=O)NO)CCCO1,772.829999999999,8.05031249999999
COc1ccc2c(Cc3c(Cl)c[n+]([O-])cc3Cl)nnc(-c3nccs3)c2c1,419.31,10.7515384615385
CC(NC(=O)c1ccc(C(=N)N)cc1F)C(C)(C)C(=O)N1CCC(CC(=O)O)CC1,420.54,7.12779661016948
CN(C)CCNC(=O)c1ccc(NCCN(C)C)c2cc3ccccc3nc12,379.56,6.65894736842105
Cl.O=C(NCCCOc1ccc2[nH]c3nc(O)nc-3cc2c1)N1CCN(c2ccccn2)CC1,484.01,8.06683333333333
CN(C)c1ccc2nc3ccc(N(C)C)cc3[s+]c2c1.O=[N+]([O-])c1ccc(NN=C(c2ccc(O)cc2)c2ccc(O)cc2)c([N+](=O)[O-])c1.[Cl-],714.26,8.71048780487804
CCc1cccc2nc(-c3ccccc3)cc(OC)c12,263.36,7.11783783783783
C=CCNc1nc(N)nc2c1ncn2C1CC(O)C(CO)S1,322.44,8.06099999999999
O=C(NC[C@H](NS(=O)(=O)c1ccccc1)C(=O)O)c1cc2cc(OCC3CCNCC3)ccc2[nH]1,500.63,7.94650793650793
CCC(CC)CN1CCC(n2nnnc2CCCCOc2ccc3[nH]c4nc(O)nc-4cc3c2)CC1.Cl,529.16,7.1508108108108
CC(C)(C)C(=O)OCn1nnc(-c2cccc(O)c2C(=O)c2c(O)cc(C(=O)O[C@@H]3CCC[C@H]3NC(=O)c3ccc(O)cc3)cc2O)n1,659.709999999999,8.14456790123456
CCOC(=O)CC1CCN(C(=O)C(C)(C)C(CC)NC(=O)c2ccc(C(=N)N3CCN(C)CC3)cc2F)CC1,545.779999999999,6.5756626506024
O=C(O)CSC(c1ccccc1)(c1ccc(OCc2ccc3ccccc3n2)cc1)c1ccc(OCc2ccc3ccccc3n2)cc1,648.819999999999,8.11024999999999
O=C(O)CCNC(=O)c1cc2c(s1)CCN(CCC1CCNCC1)C2=O,379.53,7.44176470588235
Cc1ccc2oc(N[C@@H](CC3CCCCC3)c3ccccn3)nc2c1,335.49,6.70979999999999
CC(C)C[C@@H]1NC(=O)CNC(=O)[C@H](CC(N)=O)NC(=O)[C@H](CCCNC(=N)N)NC(=O)[C@H]([C@@H](C)O)NC(=O)[C@H](CS)NC(=O)[C@H](C(C)C)NC(=O)[C@@H]2CCCN2C(=O)[C@H](CCC(=O)O)NC(=O)[C@H](CO)NC(=O)[C@H](CS)NC(=O)[C@H]([C@@H](C)O)NC(=O)[C@H](CS)NC(=O)CNC(=O)[C@@H]2CCCN2C(=O)[C@H]([C@@H](C)O)NC(=O)[C@H](CC(N)=O)NC(=O)[C@H](CS)NC(=O)[C@H]([C@@H](C)O)NC(=O)CNC(=O)CNC(=O)[C@H](C(C)C)NC(=O)[C@H](CS)NC(=O)[C@H]([C@@H](C)O)NC(=O)[C@H](CCC(=O)O)NC(=O)CNC(=O)[C@H](CS)NC(=O)[C@H](C(C)C)NC(=O)[C@@H]2CCCN2C1=O,2841.69000000004,7.59810160427818
CC(C)COC(=O)N[C@@H](CCC(=O)N1CCN(c2cccc(NC3=NCC(F)CN3)c2)CC1)C(=O)O,506.65,7.13591549295774
COc1cccc(Nc2nccc(-c3ccccn3)n2)c1,278.34,7.95257142857142
CN(CCC1CCNCC1)C(=O)c1ccc2c(c1)CC(CC(=O)O)C(=O)N(CCCCCc1ccccc1)C2,533.779999999999,6.50951219512194
O=C([O-])COc1cccc(C[C@@H]2CCCC=C2c2nc(-c3ccccc3)c(-c3ccccc3)o2)c1.[Na+],487.561,7.86388709677419
Fc1ccc(CC(Nc2nc3cc(C(F)(F)F)ccc3o2)c2ccccn2)cc1,401.39,9.1225
NCCCC[C@H](NC(=O)[C@H]1CSCC(=O)N[C@@H](Cc2ccc(O)cc2)C(=O)N[C@H](CSCCCN)C(=O)NCC(=O)N[C@H](CC(=O)O)C(=O)N1)C(=O)N[C@@H](CS)C(=O)NCC(N)=O,944.259999999999,7.86883333333333
COCc1cc(-c2ccccc2)c2ccc(OCc3cccc(C4(O)CCOCC4)c3)cc2c1,454.6,7.10312499999999
COc1ccc(C(=NNc2ccc([N+](=O)[O-])cc2[N+](=O)[O-])c2ccc(OC)cc2O)c(O)c1,454.43,8.91039215686274
COc1ccc(-c2nc(CCO)sc2-c2ccc(OC)cc2)cc1,341.46,7.94093023255813
O=C(O)CC/C=C/c1cc(Cc2cccnc2)cc2c1CCC(NS(=O)(=O)c1ccc(Cl)cc1)C2,511.08,8.24322580645161
Nc1ccc(SC[C@H]2CO[C@@](CCc3ccc(Cl)cc3)(Cn3ccnc3)O2)cc1,430.01,8.11339622641509
OCc1ccccc1/C=C/Cc1cc2c(cc1O)CCO2,282.36,7.23999999999999
CC[C@H](CSCc1c2c3c(c(OCc4ccc(-c5ccccc5)cn4)ccc3n1Cc1ccc(Cl)cc1)CC(C)S2)C(=O)O,643.319999999999,8.1432911392405
CC(C)(C)Sc1c(CC(C)(C)C(=O)O)n(Cc2ccc(Cl)cc2)c2ccc(OCc3cscn3)cc12,543.2,8.10746268656716
O=C(NC[C@H](NS(=O)(=O)c1ccccc1)C(=O)O)c1cc2cc(OCCCc3c[nH]cn3)ccc2[nH]1,511.61,8.38704918032786
Cc1nc(-c2nc(-c3ccccc3)c(-c3ccccc3)o2)c(-c2cccc(OCC(=O)O)c2)o1,452.49,8.37944444444444
CCc1cc(-c2ccc(F)cc2)c(O)cc1OCCCOc1ccc2c(=O)c3cc(C(=O)O)ccc3oc2c1CCC(=O)O,600.63,8.22780821917808
O=C(O)C(c1ccc(OCc2ccc3ccccc3n2)cc1)c1ccc(OCc2ccc3ccccc3n2)cc1,526.62,7.9790909090909
O=C(NC[C@H](NS(=O)(=O)c1ccccc1)C(=O)O)c1ccc(OCCC2CCNCC2)cc1,475.62,7.67129032258064
CN[C@@H](C(=O)N1CCC[C@H]1C(=O)NC(CCCN=C(N)N)C(=O)c1nc2ccccc2s1)C1CCCCC1,541.8,7.03636363636363
CCCCOC(=O)N[C@@H](CNC(=O)c1cc(OCc2ccc(C(=N)N)cc2)no1)C(=O)OC.O=C(O)C(F)(F)F,575.56,8.46411764705882
N#Cc1cc(-c2ccoc2)c2ccc(OCc3cccc(C4(O)CCOCC4)n3)cc2c1,426.5,7.89814814814814
