canonical_smiles,standard_value,B01[C-C],B02[C-C],B03[C-C],B04[C-C],B05[C-C]
COC(=O)[C@@]1(C)CCC[C@]2(C)c3cc(C(=O)ON(C)C)c(C(=O)ON(C)C)cc3C=CC12,3.0,1.0,1.0,1.0,1.0,1.0
COC(=O)c1cc(CO/N=C(\C)c2ccc(Sc3cc(F)cc(C4CCOCC4)c3)cc2)on1,100.0,1.0,1.0,1.0,1.0,1.0
CC1Cc2c(OCc3ccc(-c4ccccc4)cn3)ccc3c2c(c(CCOC(C)C(=O)O)n3Cc2ccc(Cl)cc2)S1,5.0,1.0,1.0,1.0,1.0,1.0
CC(C)CC(NC(=O)c1ccc(C(=N)N)cc1)C(C)(C)C(=O)N1CCC(CC(=O)O)CC1,81.0,1.0,1.0,1.0,1.0,1.0
COc1ccc(CCCCCCCCOc2ccc(CSCc3ccc(C(=O)O)cc3)nc2/C=C/C(=O)O)cc1,175.0,1.0,1.0,1.0,1.0,1.0
O=C1NCc2c(-c3ccc(F)cc3Cl)cc(C3CCN(CC4CC4)CC3)cc2N1c1c(Cl)cccc1Cl,7.6,1.0,1.0,1.0,1.0,1.0
CC[C@@H]1/C=C(\C)C[C@H](C)C[C@H](OC)[C@H]2O[C@@](O)(C(=O)C(=O)N3CCCC[C@H]3C(=O)O[C@H](/C(C)=C/C3CC[C@@H](OCC(=O)Nc4ccc(F)cc4)[C@H](OC)C3)[C@H](C)[C@@H](O)CC1=O)[C@H](C)C[C@@H]2OC,0.03,1.0,1.0,1.0,1.0,1.0
O=C(O)COc1cccc2c1CCC(Cn1cc(C(c3ccccc3)c3ccccc3)cn1)C2,130.0,1.0,1.0,1.0,1.0,1.0
CC(C)C(NC(=O)c1ccc(C(=N)N)cc1)C(C)(C)C(=O)N1CCC(CC(=O)O)CC1,150.0,1.0,1.0,1.0,1.0,1.0
CC(=O)N(CCc1c2c3c(c(OCc4ccc(-c5ccccc5)cn4)ccc3n1Cc1ccc(Cl)cc1)CC(C)S2)C(C)C(=O)O,113.0,1.0,1.0,1.0,1.0,1.0
CC(=O)NCSC[C@H](NC(=O)CNC(=O)CNC(=O)[C@H]1CSCC(=O)N[C@@H](Cc2ccc(O)cc2)C(=O)N[C@H](CSCCCN)C(=O)NCC(=O)N[C@H](CC(=O)O)C(=O)N1)C(=O)NCC(=O)N[C@@H](CSCNC(C)=O)C(=O)NCC(=O)NCC(=O)N[C@@H](CSC1CC(=O)[N+]2(COC2)C1=O)C(N)=O,90.0,1.0,1.0,1.0,1.0,1.0
CC1Cc2c(OCc3ccc(-c4ccccc4)cn3)ccc3c2c(c(CSCC(=O)O)n3Cc2ccc(Cl)cc2)S1,15.0,1.0,1.0,1.0,1.0,1.0
COc1ccc(NS(=O)(=O)c2c(F)c(F)c(F)c(F)c2F)cc1NC(=O)[C@H](CO)NC(C)=O,6.2,1.0,1.0,1.0,1.0,1.0
CC(C)c1ccc2oc(NC(Cc3cccc(Cl)c3)c3ccccn3)nc2c1,5.0,1.0,1.0,1.0,1.0,1.0
CCNc1ccc(-c2nnsc2-c2ccc(NCC)cc2)cc1,3.2,1.0,1.0,1.0,1.0,1.0
CC(=O)c1cccc2c(/N=N/c3ccc([N+](=O)[O-])cc3[N+](=O)[O-])c3ccc(O)cc3c(O)c12,0.4,1.0,1.0,1.0,1.0,1.0
O=C(O)CCC/C=C\c1cc(Cc2cccnc2)cc2c1CCC(NS(=O)(=O)c1ccc(Cl)cc1)C2,90.0,1.0,1.0,1.0,1.0,1.0
CO[C@H]1CC[C@@H](C(=O)c2ccc3nc4c(cc3c2)CCC4)CC1,85.0,1.0,1.0,1.0,1.0,1.0
CCCS(=O)(=O)c1cc(C2CC[C@@H](c3cc(OC)c(OC)c(OC)c3)O2)cc(OC)c1OCCS(=O)(=O)c1ccccc1,0.78,1.0,1.0,1.0,1.0,1.0
CN(CCCC1CCNCC1)C(=O)c1ccc2c(c1)CN(CCc1ccccc1)C(=O)C(CC(=O)O)N2,60.0,1.0,1.0,1.0,1.0,1.0
CCc1cc(-c2ccc(F)cc2)c(O)cc1OCCCOc1cccc(Oc2ccc(C(=O)O)cc2)c1CCC(=O)O,2.6,1.0,1.0,1.0,1.0,1.0
COc1ccc2c(Cc3c(Cl)cncc3Cl)nncc2c1CCCCCc1ccccc1,103.0,1.0,1.0,1.0,1.0,1.0
N#Cc1ccc(NC(=O)Nc2ccccc2)c(O)c1,120.0,1.0,1.0,1.0,1.0,1.0
C#CCN(Cc1ccc2nc(C)[nH]c(=O)c2c1)c1ccc(C(=O)N[C@@H](C[C@@H](F)C(=O)O)C(=O)O)cc1,5.67,1.0,1.0,1.0,1.0,1.0
CC(C)SCC[C@@H](N)[C@H](O)C(=O)NNC(=O)c1cccc(Cl)c1,100.0,1.0,1.0,1.0,1.0,1.0
Cl.Oc1nc2cc3cc(OCCCc4nnnn4C4CCN(CC5CCCCCC5)CC4)ccc3[nH]c-2n1,0.017,1.0,1.0,1.0,1.0,1.0
O=C(O)CCNC(=O)CN1CCc2ccc(N3CCNCC3)cc2C1=O,140.0,1.0,1.0,1.0,1.0,1.0
Cl.O=C(NCCCOc1ccc2[nH]c3nc(O)nc-3cc2c1)N1CCN(CC2CCCCC2)CC1,0.072,1.0,1.0,1.0,1.0,1.0
O=C(NCc1ccccc1)N[C@@H](CCC(=O)N1CCN(c2cccc(NC3=NCCCN3)c2)CC1)C(=O)O,10.0,1.0,1.0,1.0,1.0,1.0
CC(C)CN1CCC(n2nnnc2CCCCOc2ccc3[nH]c4nc(O)nc-4cc3c2)CC1.Cl,0.009,1.0,1.0,1.0,1.0,1.0
N=C(N)c1ccc(-c2ccc([C@H]3CC[C@](O)(CC(=O)O)CC3)cc2)cc1,13.0,1.0,1.0,1.0,1.0,1.0
O=C(O)CCc1cccc2c1CCC(NS(=O)(=O)c1ccc(Cl)cc1)C2,110.0,1.0,1.0,1.0,1.0,1.0
CC(C)(C)Sc1c(CC(C)(C)C(=O)O)n(Cc2ccc(Cl)cc2)c2ccc(CCc3ccc4ccccc4n3)cc12,4.0,1.0,1.0,1.0,1.0,1.0
CS(=O)(=O)N[C@@H](CNC(=O)c1ccc2c(c1)C(=O)N(CCC1CCNCC1)C2)C(=O)O,14.0,1.0,1.0,1.0,1.0,1.0
O=[N+]([O-])c1ccc(/N=N/c2c3ccccc3c(O)c3c(O)c(O)ccc23)c([N+](=O)[O-])c1,10.0,1.0,1.0,1.0,1.0,1.0
O=[N+]([O-])c1ccc(NN=C(c2ccc(O)cc2)c2ccc(O)cc2)c([N+](=O)[O-])c1,12.3,1.0,1.0,1.0,1.0,1.0
CCCCS(=O)(=O)N[C@@H](Cc1ccc(OCCCCC2CCNCC2)cc1)C(=O)O,11.0,1.0,1.0,1.0,1.0,1.0
O=C(O)CCNC(=O)C1CCCN(C(=O)CCC2CCNCC2)C1,140.0,1.0,1.0,1.0,1.0,1.0
COc1ccc(NS(=O)(=O)C(F)(F)F)cc1C[C@H]1[C@@H](O)c2cc(/C=C/c3ccc4ccc(Cl)cc4n3)ccc2OC1(C)C,0.2,1.0,1.0,1.0,1.0,1.0
CCCc1c(OCCCOc2ccc(-c3cscn3)c(OC)c2CCC)ccc2c1OC(CCC(=O)O)CC2,70.0,1.0,1.0,1.0,1.0,1.0
O=C(O)CCc1ccccc1CC1C2CCC(O2)C1c1nc(C(=O)Nc2ccccc2)co1,12.0,1.0,1.0,1.0,1.0,1.0
O=[N+]([O-])c1ccc(NN=C(c2ccccc2)c2ccccc2)c([N+](=O)[O-])c1,10.0,1.0,1.0,1.0,1.0,1.0
CN[C@@H](C(=O)N1CCC[C@H]1C(=O)NC(CCCN=C(N)N)C(=O)c1nc2ccccc2s1)c1ccccc1,17.0,1.0,1.0,1.0,1.0,1.0
CC[C@@H]1/C=C(\C)C[C@H](C)C[C@H](OC)[C@H]2O[C@@](O)(C(=O)C(=O)N3CCCC[C@H]3C(=O)O[C@H](/C(C)=C/C3CC[C@@H](OCC(=O)Nc4ccncc4)[C@H](OC)C3)[C@H](C)[C@@H](O)CC1=O)[C@H](C)C[C@@H]2OC,0.16,1.0,1.0,1.0,1.0,1.0
CO[C@@H]1C[C@H](C[C@@H](C)[C@@H]2CC(=O)[C@H](C)/C=C(\C)[C@@H](O)[C@@H](OC)C(=O)[C@H](C)C[C@H](C)/C=C/C=C/C=C(\C)[C@H](N(O)C(=O)Oc3ccccc3)C[C@@H]3CC[C@@H](C)[C@@](O)(O3)C(=O)C(=O)N3CCCC[C@H]3C(=O)O2)CC[C@H]1O,170.0,1.0,1.0,1.0,1.0,1.0
CCc1cc2cc(C(=O)C3CCC(OC)CC3)ccc2nc1Cl,48.0,1.0,1.0,1.0,1.0,1.0
CC(=O)Oc1cc2c(c(C)c1OC(C)=O)CC=C1C(C)(C)C(=O)CC[C@]12C,200.0,1.0,1.0,1.0,1.0,1.0
COc1cccc(-c2c3c(cc4cc(OCc5cccc(C6(O)CCOCC6)c5)ccc24)C(=O)OC3)c1,4.0,1.0,1.0,1.0,1.0,1.0
COc1cc2c(c(C)c1OC)C=CC1=C(C)C(=O)CCC12C,0.1,1.0,1.0,1.0,1.0,1.0
O=C(O)CN1CCC2(CCC(C(=O)N3CCN(c4ccncc4)CC3)CC2)CC1,117.0,1.0,1.0,1.0,1.0,1.0
OC(c1ccc(OCc2ccc3ccccc3n2)cc1)c1ccc(OCc2ccc3ccccc3n2)cc1,170.0,1.0,1.0,1.0,1.0,1.0
O=C1NCc2c(-c3ccc(F)cc3F)cc(N3CCNCC3)cc2N1c1c(Cl)cccc1Cl,7.8,1.0,1.0,1.0,1.0,1.0
CCCc1c(OCCCOc2ccc(C(=O)NC)c(OC)c2CCC)ccc2c1OC(C(=O)O)CC2,1.3,1.0,1.0,1.0,1.0,1.0
Oc1cc2c(cc1CCCOc1ccc(Cl)cc1)OCC2,55.0,1.0,1.0,1.0,1.0,1.0
Cl.Oc1nc2cc3cc(OCCCc4nnnn4C4CCN(CC5CCCC5)CC4)ccc3[nH]c-2n1,0.009,1.0,1.0,1.0,1.0,1.0
CCOC(=O)CO[C@@H]1CCC(/C=C(\C)[C@H]2OC(=O)[C@@H]3CCCCN3C(=O)C(=O)[C@]3(O)O[C@H]([C@@H](OC)C[C@@H](C)C/C(C)=C/[C@@H](CC)C(=O)C[C@H](O)[C@H]2C)[C@@H](OC)C[C@H]3C)C[C@H]1OC,0.91,1.0,1.0,1.0,1.0,1.0
CC[C@@H]1/C=C(\C)C[C@H](C)C[C@H](OC)[C@H]2O[C@@](O)(C(=O)C(=O)N3CCCC[C@H]3C(=O)O[C@H](/C(C)=C/C3CC[C@@H](OCC(=O)Nc4ccc(OC)cc4)[C@H](OC)C3)[C@H](C)[C@@H](O)CC1=O)[C@H](C)C[C@@H]2OC,0.04,1.0,1.0,1.0,1.0,1.0
CCC(CSCc1c2c3c(c(OCc4ccc(-c5ccccc5)cn4)ccc3n1Cc1ccc(Cl)cc1)CC(C)S2)C(=O)O,6.0,1.0,1.0,1.0,1.0,1.0
N=C(N)c1ccc(C2(Cc3ccccc3)NC(=O)N(CC(=O)N[C@@H](CC(=O)O)C(=O)N[C@H](C(=O)O)c3ccccc3)C2=O)cc1,50.0,1.0,1.0,1.0,1.0,1.0
O=C(O)CCc1cc(Cc2ccc(F)cc2)cc2c1CCC(NS(=O)(=O)c1ccc(Cl)cc1)C2,11.0,1.0,1.0,1.0,1.0,1.0
Nc1nc(NC2CC2)c2ncn(C3CC(O)C(CO)S3)c2n1,7.2,1.0,1.0,1.0,1.0,1.0
C/C=C/C(NC(=O)c1ccc(C(=N)N)cc1)C(C)(C)C(=O)N1CCC(CC(=O)O)CC1,170.0,1.0,1.0,1.0,1.0,1.0
Nc1nc(N)c2nc(CNc3ccc(C(=O)NC(CCC(=O)Nc4ccc5c(c4)OCO5)C(=O)O)cc3)cnc2n1,140.0,1.0,1.0,1.0,1.0,1.0
CC(C)COC(=O)N[C@@H](CCC(=O)N1CCN(c2cccc(NC3=NCCCN3)c2)CC1)C(=O)O,0.91,1.0,1.0,1.0,1.0,1.0
Nc1ccc2c(/N=N/c3ccc([N+](=O)[O-])cc3[N+](=O)[O-])c3ccccc3c(O)c2c1N,6.0,1.0,1.0,1.0,1.0,1.0
N=C(N)c1ccc(CC(=O)NCCC[C@@H](CC(=O)O)NC(=O)CC23C[C@H]4C[C@@H](C2)C[C@@H](C3)C4)cc1,67.0,1.0,1.0,1.0,1.0,1.0
CCc1cc(-c2ccc(F)cc2)c(O)cc1OCCCOc1ccc(C#CCCC(=O)O)cc1CCC(=O)O,4.7,1.0,1.0,1.0,1.0,1.0
COc1ccc(NS(=O)(=O)C(F)(F)F)cc1C[C@H]1[C@@H](O)c2cc(OCc3ccc4ccc(Cl)cc4n3)ccc2OC1(C)C,0.5,1.0,1.0,1.0,1.0,1.0
Nc1nc(N)c2nc(CNc3ccc(C(=O)N[C@@H](CCC(=O)O)C(=O)O)cc3)cnc2n1,1.0,1.0,1.0,1.0,1.0,1.0
O=C([O-])CC(c1ccc(OCc2ccc3ccccc3n2)cc1)c1ccc(OCc2ccc3ccccc3n2)cc1.[Na+],70.0,1.0,1.0,1.0,1.0,1.0
Cl.Oc1nc2cc3cc(OCCCc4nnnn4C4CCNCC4)ccc3[nH]c-2n1,11.55,1.0,1.0,1.0,1.0,1.0
CO[C@H]1Nc2ccccc2C(=O)N2C=C(/C=C/C(=O)N(C)C)C[C@@H]12,86.0,1.0,1.0,1.0,1.0,1.0
O=C(N[C@@H](CNC(=O)c1cc2n(n1)CCN(CCC1CCNCC1)C2=O)C(=O)O)OCc1ccccc1,5.0,1.0,1.0,1.0,1.0,1.0
Cc1ccc2oc(NC(CC3CCCCC3)c3ccncc3)nc2c1,190.0,1.0,1.0,1.0,1.0,1.0
CCOc1ccc(-c2nc(-c3ccc(C(=O)O)s3)cs2)cc1OCC,80.0,1.0,1.0,1.0,1.0,1.0
C=C1/C(=C\C=C2/CCC[C@]3(C)C([C@@H](C)CSc4ccc(C(C)(C)O)cc4)CC[C@@H]23)C[C@@H](O)C[C@@H]1O,0.28,1.0,1.0,1.0,1.0,1.0
O=C1OCc2c1cc1cc(OCc3cccc(C4(O)CCOCC4)c3)ccc1c2-c1ccsc1,2.0,1.0,1.0,1.0,1.0,1.0
CC(=O)NCC(=O)Nc1ccc(C(=O)N[C@@H](CC(=O)O)C(=O)O)cc1,100.0,1.0,1.0,1.0,1.0,1.0
CC1(c2ccc(C(=N)N)cc2)NC(=O)N(CC(=O)NC(CC(=O)O)c2cccnc2)C1=O,100.0,1.0,1.0,1.0,1.0,1.0
O=C(C1=COc2cc(O)ccc2O1)N1CCN(C(c2ccc(F)cc2)c2ccc(F)cc2)CC1,100.0,1.0,1.0,1.0,1.0,1.0
CCc1cc2cc(C(=O)C3COc4ccccc4O3)ccc2nc1C,98.0,1.0,1.0,1.0,1.0,1.0
O=C(O)COc1cccc2c1C[C@H]1C[C@@H](O)[C@H](C#C[C@@H](O)C3CCCCC3)[C@H]1C2,2.9,1.0,1.0,1.0,1.0,1.0
Cl.O=C(NCCCOc1ccc2[nH]c3nc(O)nc-3cc2c1)N1CCN(Cc2cccs2)CC1,0.16,1.0,1.0,1.0,1.0,1.0
O=C1NCCCC[C@@H](C(=O)NCC(=O)N2CCNCC2)NC(=O)[C@H](Cc2ccc(-c3ccccc3C(F)(F)F)cc2)[C@@H](C(=O)NO)CCCO1,60.0,1.0,1.0,1.0,1.0,1.0
CC(C)(O)c1cc(-c2ccccc2)c2ccc(OCc3cccc(C4(O)CCOCC4)c3)cc2c1,59.0,1.0,1.0,1.0,1.0,1.0
Cl.O=S(=O)(CCCCOc1ccc2[nH]c3nc(O)nc-3cc2c1)C1CCN(CC2CCCCC2)CC1,0.03,1.0,1.0,1.0,1.0,1.0
N=C(N)c1ccc(C2=NOC(CC(=O)NC[C@H](NS(=O)(=O)c3ccc4ccccc4c3)C(=O)O)C2)cc1.O=C(O)C(F)(F)F,140.0,1.0,1.0,1.0,1.0,1.0
CC(C)(C)OC(=O)N[C@H](CCCN)C(=O)Nc1ccc(C(=O)O)c(-c2ccc(O)cc2)c1,1.1,1.0,1.0,1.0,1.0,1.0
Nc1ncnc2c1ncn2OCCOCP(=O)(O)O,200.0,1.0,1.0,1.0,1.0,1.0
O=C(O)CC/C=C\C[C@@H]1CO[C@H](c2ccccc2Cl)O[C@@H]1c1ccccc1O,13.0,1.0,1.0,1.0,1.0,1.0
CCc1cnc2ccc(C(=O)C3CCC(OC)CC3)cc2c1,85.0,1.0,1.0,1.0,1.0,1.0
Nc1ccc2c(NNc3ccc([N+](=O)[O-])cc3[N+](=O)[O-])c3cc(N)ccc3c(/N=N/c3ccc([N+](=O)[O-])cc3[N+](=O)[O-])c2c1,5.0,1.0,1.0,1.0,1.0,1.0
COC1(c2cccc(COc3ccc4c(-c5ccccc5)c5c(cc4c3)C(=O)OC5)c2)CCOCC1,1.5,1.0,1.0,1.0,1.0,1.0
COc1c(C)c(C)c(Cl)c(O)c1C/C=C(\C)CCC(=O)O,200.0,1.0,1.0,1.0,1.0,1.0
O=C1OCc2c1cc1cc(OCc3cccc(C4(O)CC5COC(C4)O5)c3)ccc1c2-c1ccoc1,7.0,1.0,1.0,1.0,1.0,1.0
CO/N=C(\C)c1ccc(Sc2cc(F)cc([C@@]3(OC)CCO[C@@H](C)C3)c2)cc1,140.0,1.0,1.0,1.0,1.0,1.0
CO[C@@H]1C[C@H](C[C@@H](C)[C@@H]2CC(=O)[C@H](C)/C=C(\C)[C@@H](O)[C@@H](OC)C(=O)[C@H](C)C[C@H](C)/C=C/C=C/C=C(\C)[C@H](N(O)C(C)=O)C[C@@H]3CC[C@@H](C)[C@@](O)(O3)C(=O)C(=O)N3CCCC[C@H]3C(=O)O2)CC[C@H]1O,95.0,1.0,1.0,1.0,1.0,1.0
CC(C)[C@H](NC(=O)[C@H](CC(=O)O)NC(=O)CCCOc1ccc(C(=N)N)cc1)C(=O)N1CCN(C)CC1,180.0,1.0,1.0,1.0,1.0,1.0
CC(=O)NCSC[C@H](NC(=O)CNC(=O)CNC(=O)[C@H]1CSCC(=O)N[C@@H](Cc2ccc(O)cc2)C(=O)N[C@H](CSCCCN)C(=O)NCC(=O)N[C@H](CC(=O)O)C(=O)N1)C(=O)NCC(=O)N[C@@H](CSCNC(C)=O)C(=O)NCC(=O)NCC(=O)N[C@@H](CSC1CC(=O)[N+]2(CCCCCC2)C1=O)C(N)=O,140.0,1.0,1.0,1.0,1.0,1.0
N=C(N)c1ccc(C2=NOC(CC(=O)NC[C@H](NS(=O)(=O)NCCc3ccccc3)C(=O)O)C2)cc1.O=C(O)C(F)(F)F,70.0,1.0,1.0,1.0,1.0,1.0
CN1CCN(c2ccc3c(n2)nc(-c2ccc(F)cc2)n3-c2ccnc(NC3CCCC3)n2)CC1,1.0,1.0,1.0,1.0,1.0,1.0
CCCCS(=O)(=O)NC(CCCc1ccc2[nH]c(=O)n(CCC3CCNCC3)c(=O)c2c1)C(=O)O,160.0,1.0,1.0,1.0,1.0,1.0
CCOc1ccc2nc(NC(=O)CS(=O)(=O)Nc3nc4ccc(OCC)cc4s3)sc2c1,180.0,1.0,1.0,1.0,1.0,1.0
Cn1c(COc2ccc(C(C)(CCC(=O)[O-])c3ccc(OCc4ccc5ccccc5n4)cc3)cc2)nc2ccccc21.[Na+],90.0,1.0,1.0,1.0,1.0,1.0
Cc1ccccc1Cc1cc(CCC(=O)O)c2c(c1)CC(NS(=O)(=O)c1ccc(Cl)cc1)CC2,8.0,1.0,1.0,1.0,1.0,1.0
CN(C)CCNc1cc(C(=O)NCCCN(C)CCCNC(=O)c2ccc(NCCN(C)C)c3c(O)c4ccccc4nc23)cc2nc3ccccc3c(O)c12,57.0,1.0,1.0,1.0,1.0,1.0
CCOC(=O)C(Cc1csc(C)n1)Nc1nc2cc(C(C)C)ccc2o1,16.0,1.0,1.0,1.0,1.0,1.0
Nc1nc(O)c2ncn(C3CC(O)C(CO)S3)c2n1,2.0,1.0,1.0,1.0,1.0,1.0
COc1ccc(-c2ncsc2-c2ccc(OC)cc2)cc1,0.032,1.0,1.0,1.0,1.0,1.0
O=C(O)Cc1ccccc1CC1C2CCC(O2)C1c1nc(C(=O)NCCCCC2CCCCC2)co1,14.0,1.0,1.0,1.0,1.0,1.0
COc1ccc(/C=C/CCCCOc2ccc(C(=O)c3cccc(C(=O)O)c3)cc2CCC(=O)O)cc1,100.0,1.0,1.0,1.0,1.0,1.0
CC(=O)Oc1ccccc1C(=O)OCCCOc1no[n+]([O-])c1-c1ccccc1,0.02089,1.0,1.0,1.0,1.0,1.0
CN(C(=O)c1ccc2c(c1)CN(CCc1ccccc1)C(=O)C(CC(=O)O)N2)c1cccc(C(=N)N)c1,160.0,1.0,1.0,1.0,1.0,1.0
O=C(O)CCCc1ccccc1CC1C2CCC(O2)C1c1nc(C(=O)NCCCCC2CCCCC2)co1,6.0,1.0,1.0,1.0,1.0,1.0
CC(C)c1ccc(N/C=N/O)cc1,2.4,1.0,1.0,1.0,1.0,1.0
N=C(N)c1ccc(C2=NOC(CC(=O)NC[C@H](NS(=O)(=O)c3ccccc3-c3ccccc3)C(=O)O)C2)cc1.O=C(O)C(F)(F)F,80.0,1.0,1.0,1.0,1.0,1.0
c1cc(Nc2nccc(-c3ccco3)n2)cc(OCCn2ccnc2)c1,200.0,1.0,1.0,1.0,1.0,1.0
O=C1NCc2c(-c3ccccc3Cl)cc(CN3CCNCC3)cc2N1c1c(Cl)cccc1Cl,1.4,1.0,1.0,1.0,1.0,1.0
ON/C=N/c1ccc(Cc2ccccc2)cc1,52.0,1.0,1.0,1.0,1.0,1.0
CCOC(=O)N1CCC(S(=O)(=O)CCCCOc2ccc3[nH]c4nc(O)nc-4cc3c2)CC1,0.41,1.0,1.0,1.0,1.0,1.0
CNC(=O)C1CCN(CCOc2ccc(Cc3ccccc3)cc2)CC1,130.0,1.0,1.0,1.0,1.0,1.0
O=C(O)C1(c2ccc3c(c2)OC[C@H](Cc2ccc(-c4ccccc4)cc2)[C@H]3O)CCCC1,5.0,1.0,1.0,1.0,1.0,1.0
NC(N)=NCC[C@H]1NC(=O)[C@H](Cc2c[nH]c3ccccc23)NC(=O)[C@@H](CC2CCCCC2)NC(=O)[C@@H]2CCCN2C(=O)[C@@H](NC(=O)[C@@H](N)Cc2ccccc2)CCNC1=O,199.53,1.0,1.0,1.0,1.0,1.0
Cc1cc(-c2nc(-c3ccc(OC(F)(F)F)cc3)no2)nn1Cc1ccnc(N2CCN(C3CC3)CC2)c1,10.0,1.0,1.0,1.0,1.0,1.0
COC(=O)c1cc2c(cc1C(=O)OC)[C@@]1(C)CCC[C@](C)(C(=O)N3CCOCC3)C1C=C2,110.0,1.0,1.0,1.0,1.0,1.0
N=C(N)c1ccc(C2=NOC(CC(=O)NC[C@H](NS(=O)(=O)c3cccc(C(F)(F)F)c3)C(=O)O)C2)cc1.O=C(O)C(F)(F)F,120.0,1.0,1.0,1.0,1.0,1.0
CC[C@@H]1/C=C(\C)C[C@H](C)C[C@H](OC)[C@H]2O[C@@](O)(C(=O)C(=O)N3CCCC[C@H]3C(=O)O[C@H](/C(C)=C/C3CC[C@@H](OCC(=O)Nc4ccc(Cl)cc4)[C@H](OC)C3)[C@H](C)[C@@H](O)CC1=O)[C@H](C)C[C@@H]2OC,0.07,1.0,1.0,1.0,1.0,1.0
COc1ccc(-c2nc(C)sc2-c2ccc(OC)cc2)cc1,0.00032,1.0,1.0,1.0,1.0,1.0
O=[N+]([O-])c1ccc(NN=C2c3cc(O)ccc3-c3ccc(O)cc32)c([N+](=O)[O-])c1,0.08,1.0,1.0,1.0,1.0,1.0
COc1ccc2nc3cc(C(=O)NCCCN(C)CCCNC(=O)c4ccc(NCCN(C)C)c5c(O)c6cc(OC)ccc6nc45)cc(NCCN(C)C)c3c(O)c2c1,2.0,1.0,1.0,1.0,1.0,1.0
N=C(N)c1ccc(C2=NOC(CC(=O)NC[C@H](NS(=O)(=O)c3cnn(-c4ccccc4)c3)C(=O)O)C2)cc1.O=C(O)C(F)(F)F,72.0,1.0,1.0,1.0,1.0,1.0
CCOC(=O)/C(=C\c1cccc(OCC(=O)O)c1OC)c1nc(-c2ccccc2)c(-c2ccccc2)o1,130.0,1.0,1.0,1.0,1.0,1.0
N#Cc1cc(-c2ccccc2)c2ccc(OCc3cccc(C4(O)CCOCC4)c3)cc2c1,3.0,1.0,1.0,1.0,1.0,1.0
Oc1ccc2c(c1CCCSc1ccccc1)CCO2,120.0,1.0,1.0,1.0,1.0,1.0
NC(=O)CCN(CCC(N)=O)S(=O)(=O)c1cccc(Nc2nc(Nc3cccc(S(=O)(=O)N(CCC(N)=O)CCC(N)=O)c3)nc(Nc3ccc(/C=C/c4ccc(Nc5nc(Nc6cccc(S(=O)(=O)N(CCC(N)=O)CCC(N)=O)c6)nc(Nc6cccc(S(=O)(=O)N(CCC(N)=O)CCC(N)=O)c6)n5)cc4S(=O)(=O)O)c(S(=O)(=O)O)c3)n2)c1,150.0,1.0,1.0,1.0,1.0,1.0
Oc1ccc2c3c1O[C@H]1c4c(c(-c5ccccc5)cn4Cc4ccccc4)C[C@@]4(O)C(C2)N(CC2CC2)CC[C@]314,2.87,1.0,1.0,1.0,1.0,1.0
C/C(=N\Nc1ccc([N+](=O)[O-])cc1)c1ccc(O)cc1,6.0,1.0,1.0,1.0,1.0,1.0
O=C(O)C[C@@H](CCc1ccccc1)NC(=O)CN1CCc2ccc(N3CCNCC3)cc2C1=O,16.0,1.0,1.0,1.0,1.0,1.0
O=C(O)C[C@H](NC(=O)CN1CCc2ccc(N3CCNCC3)cc2C1=O)c1cccnc1,13.0,1.0,1.0,1.0,1.0,1.0
CC1=C(O)C(=O)C=C2C1=CC=C1C(C)(C)C(=O)CCC21C,80.0,1.0,1.0,1.0,1.0,1.0
CCc1cc2cc(C(=O)C3CCC(OC)CC3)ccc2nc1I,73.0,1.0,1.0,1.0,1.0,1.0
N=C(N)c1ccc(C(=O)Nc2ccc3c(c2)CCC(CC(=O)O)C3=O)cc1,60.0,1.0,1.0,1.0,1.0,1.0
C#C[C@H](CC(=O)O)NC(=O)Cn1ccc2ccc(N3CCNCC3)cc2c1=O,81.0,1.0,1.0,1.0,1.0,1.0
Nc1ccc(/C(=N/Nc2ccc([N+](=O)[O-])cc2[N+](=O)[O-])c2ccccc2N)cc1,2.0,1.0,1.0,1.0,1.0,1.0
CC#CCC(C)[C@H](O)/C=C/[C@H]1[C@H](O)C[C@]2(C#CCCCI)C/C(=C\CCCC(=O)O)C[C@H]12,5.0,1.0,1.0,1.0,1.0,1.0
Cl.Oc1nc2cc3cc(OCCCCc4nnnn4C4CCN(CC5CCCCC5)CC4)ccc3[nH]c-2n1,0.02,1.0,1.0,1.0,1.0,1.0
Cc1ccccc1S(=O)(=O)N[C@@H](CNC(=O)C[C@@H]1CC(c2ccc(C(=N)N)cc2)=NO1)C(=O)O.O=C(O)C(F)(F)F,110.0,1.0,1.0,1.0,1.0,1.0
CC#CCC(C)[C@H](O)/C=C/[C@H]1[C@H](O)C[C@]2(C#CCCCBr)C/C(=C/CCCC(=O)O)C[C@H]12,100.0,1.0,1.0,1.0,1.0,1.0
O=C(O)COc1cccc(/C=C\c2nc(-c3ccccc3)c(-c3ccccc3)o2)c1,180.0,1.0,1.0,1.0,1.0,1.0
CCOC(=O)/C(=N\O)c1ccc(Sc2cc(F)cc(C3CCOCC3)c2)cc1,170.0,1.0,1.0,1.0,1.0,1.0
c1ccc(CC(Nc2nc3ccccc3s2)c2ccccc2)cc1,170.0,1.0,1.0,1.0,1.0,1.0
CCCCCCCCCCCCCCCC(=O)OC[C@@H](O)COP(=O)(O)O,17.0,1.0,1.0,1.0,1.0,1.0
C[C@H](NC(=O)[C@H](Cc1ccc(Cl)cc1)NC(=O)c1cccc2ccccc12)C(=O)Nc1ccccc1,15.0,1.0,1.0,1.0,1.0,1.0
CCN(C/C=C/C#CC(C)(C)C)Cc1cccc(OCc2cc(-c3ccsc3)cs2)c1,7.2,1.0,1.0,1.0,1.0,1.0
c1ccc(CC(Nc2nc3ccccc3o2)c2ccccc2)cc1,51.0,1.0,1.0,1.0,1.0,1.0
CCCC(CCC)CN1CCC(n2nnnc2CCCOc2ccc3[nH]c4nc(O)nc-4cc3c2)CC1.Cl,0.082,1.0,1.0,1.0,1.0,1.0
CCOC(=O)C(Cc1ccc(Cl)cc1)Nc1nc2ccccc2s1,200.0,1.0,1.0,1.0,1.0,1.0
CCCCS(=O)(=O)N[C@@H](CNC(=O)C1CCC2(CC1)CCN(c1ccncc1)CC2)C(=O)O,179.0,1.0,1.0,1.0,1.0,1.0
Cc1cc2c(cc1O)CCc1c-2ccc(O)c1C,9.3,1.0,1.0,1.0,1.0,1.0
COC(=O)c1cc2c(cc1C(=O)OC)[C@@]1(C)CCC[C@](C)(C(=O)O)C1C=C2,110.0,1.0,1.0,1.0,1.0,1.0
OCCc1cccc(OCCCc2cc3c(cc2O)CCO3)c1,60.0,1.0,1.0,1.0,1.0,1.0
N=C(N)c1ccc(-c2ccc(N3CCN(CC(=O)O)CC3)nc2)cc1,14.0,1.0,1.0,1.0,1.0,1.0
N#Cc1cc(-c2ccoc2)c2ccc(OCc3ccnc(C4(O)CCOCC4)c3)cc2c1,5.0,1.0,1.0,1.0,1.0,1.0
O=C(O)COc1cccc(C[C@@H]2CCCC(O)=C2c2nc(-c3ccccc3)c(-c3ccccc3)o2)c1,116.0,1.0,1.0,1.0,1.0,1.0
CCCCCC(NC(=O)c1ccc(C(=N)N)cc1)C(C)(C)C(=O)N1CCC(CC(=O)O)CC1,160.0,1.0,1.0,1.0,1.0,1.0
CCc1cc2cc(C(=O)C3Cc4ccccc4C3)ccc2nc1C,96.0,1.0,1.0,1.0,1.0,1.0
CC[C@@H]1/C=C(\C)C[C@H](C)C[C@H](OC)[C@H]2O[C@@](O)(C(=O)C(=O)N3CCCC[C@H]3C(=O)O[C@H](/C(C)=C/C3CC[C@@H](OCC(=O)NCCc4ccccc4)[C@H](OC)C3)[C@H](C)[C@@H](O)CC1=O)[C@H](C)C[C@@H]2OC,0.34,1.0,1.0,1.0,1.0,1.0
CCCc1c(OCCCOc2ccc(C(=O)NC)c(OC)c2CC2CC2)ccc2c1OC(C(=O)O)CC2,13.0,1.0,1.0,1.0,1.0,1.0
CN1CCC(c2cc(-c3ccc(F)cc3Cl)c3c(c2)N(c2c(Cl)cccc2Cl)C(=O)NC3)CC1,1.3,1.0,1.0,1.0,1.0,1.0
O=C(O)CC(c1ccc(OCc2ccc3ccccc3n2)cc1)c1ccc(OCc2ccc3ccccc3n2)cc1,60.0,1.0,1.0,1.0,1.0,1.0
NC(=O)CNC(=O)[C@@H]1CCCCNC(=O)OCCC[C@H](C(=O)NO)[C@@H](Cc2ccc(-c3ccccc3C(F)(F)F)cc2)C(=O)N1,180.0,1.0,1.0,1.0,1.0,1.0
O=C(NC[C@H](NS(=O)(=O)c1ccccc1)C(=O)O)c1cc2c(s1)CCN(CCC1CCNCC1)C2=O,7.0,1.0,1.0,1.0,1.0,1.0
CCC/N=C(\N)c1ccc(C(=O)Nc2ccc3c(c2)CC(CC(=O)O)CC3)cc1,68.0,1.0,1.0,1.0,1.0,1.0
CCOC(=O)CC1CCN(C(=O)C(C)(C)C(CC)NC(=O)c2ccc(C(=N)N3CCC(O)CC3)cc2F)CC1,48.0,1.0,1.0,1.0,1.0,1.0
O=C(O)CCc1cc(Cc2ccccc2)cc2c1CCC(NS(=O)(=O)c1ccc(Cl)cc1)C2,6.0,1.0,1.0,1.0,1.0,1.0
C#C[C@H](CC(=O)O)NC(=O)CN1CCc2cc(F)c(N3CCNCC3)cc2C1=O,15.0,1.0,1.0,1.0,1.0,1.0
COc1ccc(C[C@H]2NC(=O)/C=C/C[C@@H]([C@H](C)[C@H]3O[C@@H]3c3ccccc3)OC(=O)[C@H](CC(C)C)OC(=O)C(C)(C)CNC2=O)cc1Cl,0.2,1.0,1.0,1.0,1.0,1.0
Cl.O=C(O)CCCCC(CNS(=O)(=O)c1ccc(Cl)cc1)c1cccnc1,80.0,1.0,1.0,1.0,1.0,1.0
CC[C@@H]1/C=C(\C)C[C@H](C)C[C@H](OC)[C@H]2O[C@@](O)(C(=O)C(=O)N3CCCCC3C(=O)O[C@H](/C(C)=C/C3CC[C@@H](OCC(=O)OCc4ccccc4)[C@H](OC)C3)[C@H](C)[C@@H](O)CC1=O)[C@H](C)C[C@@H]2OC,7.62,1.0,1.0,1.0,1.0,1.0
Cc1ccccc1S(=O)(=O)N[C@@H](CNC(=O)C[C@H]1CC(c2ccc(C(=N)N)cc2)=NO1)C(=O)O.O=C(O)C(F)(F)F,130.0,1.0,1.0,1.0,1.0,1.0
O=C(O)CCc1ccccc1CC1C2CCC(O2)C1c1nc(C(=O)NCCCCC(F)(F)F)co1,12.0,1.0,1.0,1.0,1.0,1.0
COc1ccc(C(=O)/C=C/c2ccc(N(C)C)cc2)cc1OC,100.0,1.0,1.0,1.0,1.0,1.0
CCc1cccc2nc(-c3ccccc3)cc(O)c12,150.0,1.0,1.0,1.0,1.0,1.0
Cl.O=S(=O)(CCCOc1ccc2[nH]c3nc(O)nc-3cc2c1)N1CCN(CC2CCCCC2)CC1,0.11,1.0,1.0,1.0,1.0,1.0
CCC(CC)CN1CCN(C(=O)NCCCOc2ccc3[nH]c4nc(O)nc-4cc3c2)CC1.Cl,0.042,1.0,1.0,1.0,1.0,1.0
Nc1cccc2c1C(=O)N([C@@H]1CCC(=O)NC1=O)C2=O,73.0,1.0,1.0,1.0,1.0,1.0
N#Cc1ccc2c(ncn2CCOc2ccc(Cc3ccccc3)cc2)n1,150.0,1.0,1.0,1.0,1.0,1.0
CCOC(=O)c1csc(CO/N=C(\C)c2ccc(Sc3cc(F)cc(C4CCOCC4)c3)cc2)n1,150.0,1.0,1.0,1.0,1.0,1.0
Cl.O=S(=O)(CCCCOc1ccc2[nH]c3nc(O)nc-3cc2c1)C1CCNCC1,14.78,1.0,1.0,1.0,1.0,1.0
CC[C@@H]1/C=C(\C)C[C@H](C)C[C@H](OC)[C@H]2O[C@@](O)(C(=O)C(=O)N3CCCC[C@H]3C(=O)O[C@H](/C(C)=C/[C@@H]3CC[C@@H](O)[C@H](OC)C3)[C@H](C)CCC1=O)[C@H](C)C[C@@H]2OC,0.15,1.0,1.0,1.0,1.0,1.0
Cl.Oc1nc2cc3cc(OCCCc4nnnn4C4CCN(CCc5ccccc5)CC4)ccc3[nH]c-2n1,0.083,1.0,1.0,1.0,1.0,1.0
O=C(O)CCc1c(Cc2ccccc2)ccc2c1CCC(NS(=O)(=O)c1ccc(Cl)cc1)C2,86.0,1.0,1.0,1.0,1.0,1.0
CCCCS(=O)(=O)N[C@@H](Cc1ccc(OCCCCC2CCNCC2)cc1)C(=O)O.Cl,15.0,1.0,1.0,1.0,1.0,1.0
FC(F)(F)c1cccc(-c2nc(C3CCNCC3)cn2-c2ccnc(NC3CCCCC3)n2)c1,2.0,1.0,1.0,1.0,1.0,1.0
CC[C@@H]1/C=C(\C)C[C@H](C)C[C@H](OC)[C@H]2O[C@@](O)(C(=O)C(=O)N3CCCC[C@H]3C(=O)O[C@H](/C(C)=C/C3CC[C@@H](OCC(=O)Nc4cccc(F)c4)[C@H](OC)C3)[C@H](C)[C@@H](O)CC1=O)[C@H](C)C[C@@H]2OC,0.16,1.0,1.0,1.0,1.0,1.0
CC[C@@H]1/C=C(\C)C[C@H](C)C[C@H](OC)[C@H]2O[C@@](O)(C(=O)C(=O)N3CCCC[C@H]3C(=O)O[C@H](/C(C)=C/C3CC[C@@H](OCC(=O)NC4CCCCC4)[C@H](OC)C3)[C@H](C)[C@@H](O)CC1=O)[C@H](C)C[C@@H]2OC,0.47,1.0,1.0,1.0,1.0,1.0
CCCCC[C@H](O)/C=C/C1C(=O)C[C@H](O)[C@@H]1CCOCCCC(=O)O,0.032,1.0,1.0,1.0,1.0,1.0
N=C(N)c1ccc(CC(=O)NCCC[C@@H](CC(=O)O)NC(=O)CCC23C[C@H]4C[C@@H](C2)C[C@@H](C3)C4)cc1,61.0,1.0,1.0,1.0,1.0,1.0
CN[C@@H](Cc1ccccc1)C(=O)N[C@@H](CCCCN)C(=O)N1CCC[C@H]1C(=O)N[C@H](CC1CCCCC1)C(=O)N[C@@H](Cc1c[nH]c2ccccc12)C(=O)N[C@H](CCCN=C(N)N)C(=O)O,107.15,1.0,1.0,1.0,1.0,1.0
N#Cc1cc(-c2ccoc2)c2ccc(OCc3cccc(C4(O)CCOCC4)c3)cc2c1,2.0,1.0,1.0,1.0,1.0,1.0
CO[C@H]1Nc2cc3c(cc2C(=O)N2C=C(/C=C/C(=O)N(C)C)C[C@@H]12)OCO3,5.0,1.0,1.0,1.0,1.0,1.0
CC(CC(=O)O)SCc1c2c3c(c(OCc4ccc(-c5ccccc5)cn4)ccc3n1Cc1ccc(Cl)cc1)CC(C)S2,50.0,1.0,1.0,1.0,1.0,1.0
O=C(O)COc1cccc(-c2[nH]ncc2-c2nc(-c3ccccc3)c(-c3ccccc3)o2)c1,180.0,1.0,1.0,1.0,1.0,1.0
CCCCCNC(=O)c1coc(C2C3CCC(O3)C2Cc2ccccc2CCC(=O)O)n1,7.0,1.0,1.0,1.0,1.0,1.0
CC[C@@H](C)/C=C(\C)C[C@@H](C)C[C@@H](C)/C=C/C=C/C=C/C(=O)N[C@H](CO)C[C@@]1(O)C(=O)C=C[C@@H]2O[C@@H]21,100.0,1.0,1.0,1.0,1.0,1.0
C/C=C/C[C@@H](C)[C@@H](O)[C@H]1C(=O)N[C@@H](CC)C(=O)N(C)CC(=O)N(C)[C@@H](CC(C)C)C(=O)N[C@@H](C(C)C)C(=O)N(C)[C@@H](CC(C)C)C(=O)N[C@@H](C)C(=O)N[C@H](C)C(=O)N(C)[C@@H](CC(C)C)C(=O)N(C)[C@@H](CC(C)C)C(=O)N(C)[C@@H](C(C)C)C(=O)N1C,60.0,1.0,1.0,1.0,1.0,1.0
Cc1cccc(S(=O)(=O)N[C@@H](CNC(=O)C[C@@H]2C[C@H](c3ccc(C(=N)N)cc3)N(Cc3ccccc3)O2)C(=O)O)c1.Cl,190.0,1.0,1.0,1.0,1.0,1.0
O=C(O)CCC/C=C\C[C@@H]1[C@@H](NS(=O)(=O)c2ccc(Cl)cc2)CC[C@@H]1O,190.0,1.0,1.0,1.0,1.0,1.0
CC(=O)Oc1cc2c(c(C)c1OC(C)=O)CC=C1[C@@]2(C)CC[C@H]2OC(=O)C[C@]12C,200.0,1.0,1.0,1.0,1.0,1.0
O=C(O)COc1cccc2c1CCCC2CCC(=O)NN(c1ccccc1)c1ccccc1,57.0,1.0,1.0,1.0,1.0,1.0
CN(C)CCNC(=O)c1ccc(NCCN(C)C)c2c(=O)c3ccccc3[nH]c12,94.0,1.0,1.0,1.0,1.0,1.0
CCNC(=N)c1ccc(C2=NOC(CC(=O)NCCC(=O)O)C2)cc1,89.0,1.0,1.0,1.0,1.0,1.0
O=C(NC[C@H](NS(=O)(=O)c1ccccc1)C(=O)O)c1cc2cc(OCC3CCNCC3)ccc2n1Cc1ccccc1,150.0,1.0,1.0,1.0,1.0,1.0
Cl.O=C(NCCCOc1ccc2[nH]c3nc(O)nc-3cc2c1)N1CCN(CCc2ccccc2)CC1,0.3,1.0,1.0,1.0,1.0,1.0
CCCOCC(Cc1ccc(F)cc1)Nc1nc2cc(C(C)C)ccc2o1,170.0,1.0,1.0,1.0,1.0,1.0
O=C(N[C@@H](CCC(=O)N1CCN(c2cccc(NC3=NCC(O)CN3)c2)CC1)C(=O)O)OCc1ccccc1,3.5,1.0,1.0,1.0,1.0,1.0
CCc1cc(C(C)=O)c(O)cc1OCCCOc1ccc2c(=O)c3cc(C(=O)O)ccc3oc2c1CCC(=O)O,47.0,1.0,1.0,1.0,1.0,1.0
Cc1nc(N)sc1-c1ccnc(Nc2ccc(O)cc2)n1,200.0,1.0,1.0,1.0,1.0,1.0
COc1ccc2oc(NC(Cc3ccccc3)c3ccccc3)nc2c1,9.0,1.0,1.0,1.0,1.0,1.0
CCOc1ccc(-c2nc(-c3ccc4c(c3)CCC(=O)N4)cs2)cc1OCC,80.0,1.0,1.0,1.0,1.0,1.0
CN(CC(=O)c1ccc(OCC(=O)O)c(OCC(=O)O)c1)C(=O)c1ccc(C(=N)N)cc1,51.0,1.0,1.0,1.0,1.0,1.0
N=C(N)c1ccc(-c2ccc(C3=CCC(O)(CC(=O)O)CC3)cc2)cc1,55.0,1.0,1.0,1.0,1.0,1.0
O=C(O)/C=N/OC(c1ccc(OCc2ccc3ccccc3n2)cc1)c1ccc(OCc2ccc3ccccc3n2)cc1,68.0,1.0,1.0,1.0,1.0,1.0
OC1(c2cccc(COc3ccc4c(-c5ccoc5)cc(-c5nc6ccccc6s5)cc4c3)c2)CCOCC1,62.0,1.0,1.0,1.0,1.0,1.0
CC1Cc2c(OCc3ccc(-c4ccccc4)cn3)ccc3c2c(c(CSCCC(=O)O)n3Cc2ccc(Cl)cc2)S1,10.0,1.0,1.0,1.0,1.0,1.0
CC1(c2ccc(C(=N)N)cc2)NC(=O)N(CC(=O)NC(CC(=O)O)c2ccccc2)C1=O,200.0,1.0,1.0,1.0,1.0,1.0
COc1ccc(C(=O)O)cc1NC(=O)/C=C/c1ccc(-c2ccccc2)cc1,83.0,1.0,1.0,1.0,1.0,1.0
CCCCS(=O)(=O)N[C@@H](CNC(=O)c1ccc2c(c1)C(=O)N(CCC1CCNCC1)C2)C(=O)O,14.0,1.0,1.0,1.0,1.0,1.0
CC(=O)Nc1ccc(C(=NNc2ccc([N+](=O)[O-])cc2[N+](=O)[O-])c2ccc(NC(C)=O)cc2)cc1,10.0,1.0,1.0,1.0,1.0,1.0
CN1CCC(O)(c2nc(-c3ccc(F)cc3)c(-c3ccncc3)[nH]2)CC1,15.0,1.0,1.0,1.0,1.0,1.0
Cc1ccc(S(=O)(=O)NCC(CCCCCC(=O)O)c2cccnc2)cc1.Cl,200.0,1.0,1.0,1.0,1.0,1.0
COC(=O)C(C)(C)c1nc(-c2ccc(OC)cc2)c(-c2ccc(OC)cc2)s1,0.0032,1.0,1.0,1.0,1.0,1.0
CC(=O)Oc1ccccc1C(=O)OCc1no[n+]([O-])c1C#N,6.166e-05,1.0,1.0,1.0,1.0,1.0
COc1ccc(C[C@H]2NC(=O)/C=C/C[C@@H]([C@H](C)[C@H]3O[C@@H]3c3ccccc3)OC(=O)[C@H](CC(C)C)OC(=O)[C@@H]3CCCCC3NC2=O)cc1Cl,1.3,1.0,1.0,1.0,1.0,1.0
COc1ccc(-c2snnc2-c2ccco2)cc1,0.032,1.0,1.0,1.0,1.0,1.0
CCCCCCOCC1C2CCC(O2)C1CCCCCCC(=O)O,200.0,1.0,1.0,1.0,1.0,1.0
c1ccc(-c2cnns2)cc1,3.2,1.0,1.0,1.0,1.0,1.0
c1cc(Nc2nccc(-c3cccnc3)n2)cc(OCCn2ccnc2)c1,100.0,1.0,1.0,1.0,1.0,1.0
CC(=O)Oc1cc2c(c(C)c1OC(C)=O)CC=C1[C@@]3(C)CCC(=O)C(C)=C3CC[C@]12C,80.0,1.0,1.0,1.0,1.0,1.0
O=C(O)CCc1ccccc1/C=C1\C2CCC(O2)C1c1nc(C(=O)NCCCCC2CCCCC2)co1,8.0,1.0,1.0,1.0,1.0,1.0
O=C(O)COc1cccc2c1C[C@H]1C[C@@H](O)[C@H](C#C[C@@H](O)C3CCCCC3)[C@@H]1C2,52.0,1.0,1.0,1.0,1.0,1.0
c1ccc(Cc2ccc(OCCn3ccc4ncnc-4c3)cc2)cc1,74.0,1.0,1.0,1.0,1.0,1.0
O=C(O)CCc1ccccc1CC1C2CCC(O2)C1c1nc(C(=O)NCCCCC2CCCCC2)co1,2.0,1.0,1.0,1.0,1.0,1.0
CC(C)(C)Sc1c(CC(C)(C)C(=O)O)n(Cc2ccc(Cl)cc2)c2ccc(/C=C/c3ccc4ccccc4n3)cc12,12.0,1.0,1.0,1.0,1.0,1.0
Cc1cccc(S(=O)(=O)N(C)[C@@H](CNC(=O)C[C@H]2CC(c3ccc(C(=N)N)cc3)=NO2)C(=O)O)c1.O=C(O)C(F)(F)F,95.0,1.0,1.0,1.0,1.0,1.0
